# Blender 4.5.11 LTS
# www.blender.org
o GraduatedArc_00
v -1.051440 -0.453749 -0.070192
v -1.068841 -0.434549 -0.062078
v -1.059554 -0.434549 -0.087593
v -1.063744 -0.448126 -0.064455
v -1.066171 -0.445634 -0.075554
v -1.069482 -0.434549 -0.076759
v -1.057177 -0.448126 -0.082497
v -1.068841 -0.352949 -0.062078
v -1.051440 -0.333749 -0.070192
v -1.059554 -0.352949 -0.087593
v -1.063744 -0.339373 -0.064455
v -1.066171 -0.341864 -0.075554
v -1.057177 -0.339373 -0.082497
v -1.069482 -0.352949 -0.076759
v -0.941233 -0.453749 -0.121583
v -0.949347 -0.434549 -0.138984
v -0.923832 -0.434549 -0.129697
v -0.946970 -0.448126 -0.133887
v -0.935871 -0.445634 -0.136314
v -0.934666 -0.434549 -0.139625
v -0.928928 -0.448126 -0.127320
v -0.941233 -0.333749 -0.121583
v -0.923832 -0.352949 -0.129697
v -0.949347 -0.352949 -0.138984
v -0.928928 -0.339373 -0.127320
v -0.935871 -0.341864 -0.136314
v -0.934666 -0.352949 -0.139625
v -0.946970 -0.339373 -0.133887
v -0.962014 -0.453749 0.121583
v -0.953899 -0.434549 0.138984
v -0.979415 -0.434549 0.129697
v -0.956276 -0.448126 0.133887
v -0.967375 -0.445634 0.136314
v -0.968580 -0.434549 0.139625
v -0.974318 -0.448126 0.127320
v -0.962014 -0.333749 0.121583
v -0.979415 -0.352949 0.129697
v -0.953899 -0.352949 0.138984
v -0.974318 -0.339373 0.127320
v -0.967375 -0.341864 0.136314
v -0.968580 -0.352949 0.139625
v -0.956276 -0.339373 0.133887
v -0.851807 -0.453749 0.070192
v -0.834406 -0.434549 0.062078
v -0.843692 -0.434549 0.087593
v -0.839502 -0.448126 0.064455
v -0.837075 -0.445634 0.075554
v -0.833765 -0.434549 0.076759
v -0.846069 -0.448126 0.082497
v -0.851807 -0.333749 0.070192
v -0.843692 -0.352949 0.087593
v -0.834406 -0.352949 0.062078
v -0.846069 -0.339373 0.082497
v -0.837075 -0.341864 0.075554
v -0.833765 -0.352949 0.076759
v -0.839502 -0.339373 0.064455
vn -0.4320 -0.8881 -0.1572
vn -0.9422 -0.3251 0.0807
vn -0.6699 -0.3251 -0.6675
vn -0.9422 0.3251 0.0807
vn -0.4320 0.8881 -0.1572
vn -0.6699 0.3251 -0.6675
vn 0.1572 -0.8881 -0.4320
vn -0.0807 -0.3251 -0.9422
vn 0.6675 -0.3251 -0.6699
vn 0.1572 0.8881 -0.4320
vn 0.6675 0.3251 -0.6699
vn -0.0807 0.3251 -0.9422
vn -0.1572 -0.8881 0.4320
vn 0.0807 -0.3251 0.9422
vn -0.6675 -0.3251 0.6699
vn -0.1572 0.8881 0.4320
vn -0.6675 0.3251 0.6699
vn 0.0807 0.3251 0.9422
vn 0.4320 -0.8881 0.1572
vn 0.9422 -0.3251 -0.0807
vn 0.6699 -0.3251 0.6675
vn 0.4320 0.8881 0.1572
vn 0.6699 0.3251 0.6675
vn 0.9422 0.3251 -0.0807
vn -0.1617 -0.9239 -0.3468
vn -0.3904 -0.3827 -0.8373
vn -0.9990 -0.0000 0.0436
vn -0.7373 -0.0000 -0.6756
vn -0.1617 0.9239 -0.3468
vn -0.3904 0.3827 -0.8373
vn 0.6756 -0.0000 -0.7373
vn -0.0436 -0.0000 -0.9990
vn 0.3468 -0.9239 -0.1617
vn 0.8373 -0.3827 -0.3904
vn 0.3468 0.9239 -0.1617
vn 0.8373 0.3827 -0.3904
vn 0.7373 -0.0000 0.6756
vn 0.9990 -0.0000 -0.0436
vn 0.1617 -0.9239 0.3468
vn 0.3904 -0.3827 0.8373
vn 0.1617 0.9239 0.3468
vn 0.3904 0.3827 0.8373
vn -0.6756 -0.0000 0.7373
vn 0.0436 -0.0000 0.9990
vn -0.3468 -0.9239 0.1617
vn -0.8373 -0.3827 0.3904
vn -0.3468 0.9239 0.1617
vn -0.8373 0.3827 0.3904
vn -0.0000 -1.0000 -0.0000
vn -0.4226 -0.0000 -0.9063
vn -0.9063 -0.0000 0.4226
vn -0.0000 1.0000 -0.0000
vn 0.9063 -0.0000 -0.4226
vn 0.4226 -0.0000 0.9063
vt 0.144200 0.720000
vt 0.144200 0.750000
vt 0.133115 0.750000
vt 0.125000 0.720000
vt 0.415000 0.980800
vt 0.415000 1.000000
vt 0.391906 1.000000
vt 0.375000 0.980800
vt 0.415000 0.030000
vt 0.375000 0.030000
vt 0.375000 0.012680
vt 0.415000 0.000000
vt 0.585000 0.980800
vt 0.625000 0.980800
vt 0.625000 0.991885
vt 0.585000 1.000000
vt 0.855800 0.720000
vt 0.875000 0.720000
vt 0.875000 0.737321
vt 0.855800 0.750000
vt 0.585000 0.030000
vt 0.585000 0.000000
vt 0.608094 0.000000
vt 0.625000 0.030000
vt 0.144200 0.530000
vt 0.125000 0.530000
vt 0.125000 0.512680
vt 0.144200 0.500000
vt 0.415000 0.220000
vt 0.415000 0.250000
vt 0.383453 0.254057
vt 0.375000 0.220000
vt 0.415000 0.269200
vt 0.375000 0.269200
vt 0.855800 0.530000
vt 0.855800 0.500000
vt 0.866885 0.500000
vt 0.875000 0.530000
vt 0.585000 0.269200
vt 0.585000 0.250000
vt 0.616547 0.243660
vt 0.625000 0.269200
vt 0.585000 0.220000
vt 0.625000 0.220000
vt 0.355800 0.720000
vt 0.375000 0.720000
vt 0.380635 0.748478
vt 0.365400 0.759600
vt 0.415000 0.720000
vt 0.415000 0.750000
vt 0.415000 0.769200
vt 0.644200 0.720000
vt 0.634600 0.759600
vt 0.622070 0.745773
vt 0.625000 0.720000
vt 0.585000 0.769200
vt 0.585000 0.750000
vt 0.585000 0.720000
vt 0.355800 0.530000
vt 0.365400 0.490400
vt 0.377930 0.504227
vt 0.375000 0.530000
vt 0.415000 0.480800
vt 0.415000 0.500000
vt 0.415000 0.530000
vt 0.644200 0.530000
vt 0.625000 0.530000
vt 0.619365 0.501522
vt 0.634600 0.490400
vt 0.585000 0.530000
vt 0.585000 0.500000
vt 0.585000 0.480800
s 0
f 1/1/1 4/2/1 5/3/1 7/4/1
f 2/5/2 6/6/2 5/7/2 4/8/2
f 3/9/3 7/10/3 5/11/3 6/12/3
f 8/13/4 11/14/4 12/15/4 14/16/4
f 9/17/5 13/18/5 12/19/5 11/20/5
f 10/21/6 14/22/6 12/23/6 13/24/6
f 15/25/7 18/26/7 19/27/7 21/28/7
f 16/29/8 20/30/8 19/31/8 18/32/8
f 17/33/9 21/34/9 19/31/9 20/30/9
f 22/35/10 25/36/10 26/37/10 28/38/10
f 23/39/11 27/40/11 26/41/11 25/42/11
f 24/43/12 28/44/12 26/41/12 27/40/12
f 29/45/13 32/46/13 33/47/13 35/48/13
f 30/49/14 34/50/14 33/47/14 32/46/14
f 31/51/15 35/48/15 33/47/15 34/50/15
f 36/52/16 39/53/16 40/54/16 42/55/16
f 37/56/17 41/57/17 40/54/17 39/53/17
f 38/58/18 42/55/18 40/54/18 41/57/18
f 43/59/19 46/60/19 47/61/19 49/62/19
f 44/63/20 48/64/20 47/61/20 46/60/20
f 45/65/21 49/62/21 47/61/21 48/64/21
f 50/66/22 53/67/22 54/68/22 56/69/22
f 51/70/23 55/71/23 54/68/23 53/67/23
f 52/72/24 56/69/24 54/68/24 55/71/24
f 15/25/25 1/1/25 7/4/25 18/26/25
f 18/32/26 7/10/26 3/9/26 16/29/26
f 2/5/27 8/13/27 14/16/27 6/6/27
f 6/12/28 14/22/28 10/21/28 3/9/28
f 9/17/29 22/35/29 28/38/29 13/18/29
f 13/24/30 28/44/30 24/43/30 10/21/30
f 23/39/31 17/33/31 20/30/31 27/40/31
f 27/40/32 20/30/32 16/29/32 24/43/32
f 43/59/33 15/25/33 21/28/33 46/60/33
f 46/60/34 21/34/34 17/33/34 44/63/34
f 22/35/35 50/66/35 56/69/35 25/36/35
f 25/42/36 56/69/36 52/72/36 23/39/36
f 51/70/37 45/65/37 48/64/37 55/71/37
f 55/71/38 48/64/38 44/63/38 52/72/38
f 29/45/39 43/59/39 49/62/39 32/46/39
f 32/46/40 49/62/40 45/65/40 30/49/40
f 50/66/41 36/52/41 42/55/41 53/67/41
f 53/67/42 42/55/42 38/58/42 51/70/42
f 37/56/43 31/51/43 34/50/43 41/57/43
f 41/57/44 34/50/44 30/49/44 38/58/44
f 1/1/45 29/45/45 35/48/45 4/2/45
f 4/8/46 35/48/46 31/51/46 2/5/46
f 36/52/47 9/17/47 11/20/47 39/53/47
f 39/53/48 11/14/48 8/13/48 37/56/48
f 15/25/49 43/59/49 29/45/49 1/1/49
f 3/9/50 10/21/50 24/43/50 16/29/50
f 31/51/51 37/56/51 8/13/51 2/5/51
f 50/66/52 22/35/52 9/17/52 36/52/52
f 17/33/53 23/39/53 52/72/53 44/63/53
f 45/65/54 51/70/54 38/58/54 30/49/54
o GraduatedArc_01
v -0.970598 -0.612255 -0.051793
v -0.986326 -0.593055 -0.040780
v -0.981611 -0.593055 -0.067521
v -0.981720 -0.606632 -0.044006
v -0.986037 -0.604140 -0.054515
v -0.989507 -0.593055 -0.055127
v -0.978386 -0.606632 -0.062914
v -0.986326 -0.511455 -0.040780
v -0.970598 -0.492255 -0.051793
v -0.981611 -0.511455 -0.067521
v -0.981720 -0.497879 -0.044006
v -0.986037 -0.500370 -0.054515
v -0.978386 -0.497879 -0.062914
v -0.989507 -0.511455 -0.055127
v -0.870990 -0.612255 -0.121540
v -0.882002 -0.593055 -0.137267
v -0.855262 -0.593055 -0.132552
v -0.878777 -0.606632 -0.132661
v -0.868267 -0.604140 -0.136978
v -0.867656 -0.593055 -0.140448
v -0.859868 -0.606632 -0.129327
v -0.870990 -0.492255 -0.121540
v -0.855262 -0.511455 -0.132552
v -0.882002 -0.511455 -0.137267
v -0.859868 -0.497879 -0.129327
v -0.868267 -0.500370 -0.136978
v -0.867656 -0.511455 -0.140448
v -0.878777 -0.497879 -0.132661
v -0.849230 -0.612255 0.121540
v -0.838217 -0.593055 0.137267
v -0.864957 -0.593055 0.132552
v -0.841443 -0.606632 0.132661
v -0.851952 -0.604140 0.136978
v -0.852564 -0.593055 0.140448
v -0.860351 -0.606632 0.129327
v -0.849230 -0.492255 0.121540
v -0.864957 -0.511455 0.132552
v -0.838217 -0.511455 0.137267
v -0.860351 -0.497879 0.129327
v -0.851952 -0.500370 0.136978
v -0.852564 -0.511455 0.140448
v -0.841443 -0.497879 0.132661
v -0.749621 -0.612255 0.051793
v -0.733893 -0.593055 0.040780
v -0.738608 -0.593055 0.067521
v -0.738500 -0.606632 0.044006
v -0.734182 -0.604140 0.054515
v -0.730713 -0.593055 0.055127
v -0.741834 -0.606632 0.062914
v -0.749621 -0.492255 0.051793
v -0.738608 -0.511455 0.067521
v -0.733893 -0.511455 0.040780
v -0.741834 -0.497879 0.062914
v -0.734182 -0.500370 0.054515
v -0.730713 -0.511455 0.055127
v -0.738500 -0.497879 0.044006
vn -0.4527 -0.8881 -0.0798
vn -0.9139 -0.3251 0.2431
vn -0.7756 -0.3251 -0.5410
vn -0.9139 0.3251 0.2431
vn -0.4527 0.8881 -0.0798
vn -0.7756 0.3251 -0.5410
vn 0.0798 -0.8881 -0.4527
vn -0.2431 -0.3251 -0.9139
vn 0.5410 -0.3251 -0.7756
vn 0.0798 0.8881 -0.4527
vn 0.5410 0.3251 -0.7756
vn -0.2431 0.3251 -0.9139
vn -0.0798 -0.8881 0.4527
vn 0.2431 -0.3251 0.9139
vn -0.5410 -0.3251 0.7756
vn -0.0798 0.8881 0.4527
vn -0.5410 0.3251 0.7756
vn 0.2431 0.3251 0.9139
vn 0.4527 -0.8881 0.0798
vn 0.9139 -0.3251 -0.2431
vn 0.7756 -0.3251 0.5410
vn 0.4527 0.8881 0.0798
vn 0.7756 0.3251 0.5410
vn 0.9139 0.3251 -0.2431
vn -0.2195 -0.9239 -0.3135
vn -0.5299 -0.3827 -0.7568
vn -0.9763 -0.0000 0.2164
vn -0.8434 -0.0000 -0.5373
vn -0.2195 0.9239 -0.3135
vn -0.5299 0.3827 -0.7568
vn 0.5373 -0.0000 -0.8434
vn -0.2164 -0.0000 -0.9763
vn 0.3135 -0.9239 -0.2195
vn 0.7568 -0.3827 -0.5299
vn 0.3135 0.9239 -0.2195
vn 0.7568 0.3827 -0.5299
vn 0.8434 -0.0000 0.5373
vn 0.9763 -0.0000 -0.2164
vn 0.2195 -0.9239 0.3135
vn 0.5299 -0.3827 0.7568
vn 0.2195 0.9239 0.3135
vn 0.5299 0.3827 0.7568
vn -0.5373 -0.0000 0.8434
vn 0.2164 -0.0000 0.9763
vn -0.3135 -0.9239 0.2195
vn -0.7568 -0.3827 0.5299
vn -0.3135 0.9239 0.2195
vn -0.7568 0.3827 0.5299
vn -0.0000 -1.0000 -0.0000
vn -0.5736 -0.0000 -0.8192
vn -0.8192 -0.0000 0.5736
vn -0.0000 1.0000 -0.0000
vn 0.8192 -0.0000 -0.5736
vn 0.5736 -0.0000 0.8192
vt 0.144200 0.720000
vt 0.144200 0.750000
vt 0.133115 0.750000
vt 0.125000 0.720000
vt 0.415000 0.980800
vt 0.415000 1.000000
vt 0.391906 1.000000
vt 0.375000 0.980800
vt 0.415000 0.030000
vt 0.375000 0.030000
vt 0.375000 0.012680
vt 0.415000 0.000000
vt 0.585000 0.980800
vt 0.625000 0.980800
vt 0.625000 0.991885
vt 0.585000 1.000000
vt 0.855800 0.720000
vt 0.875000 0.720000
vt 0.875000 0.737321
vt 0.855800 0.750000
vt 0.585000 0.030000
vt 0.585000 0.000000
vt 0.608094 0.000000
vt 0.625000 0.030000
vt 0.144200 0.530000
vt 0.125000 0.530000
vt 0.125000 0.512680
vt 0.144200 0.500000
vt 0.415000 0.220000
vt 0.415000 0.250000
vt 0.383453 0.254057
vt 0.375000 0.220000
vt 0.415000 0.269200
vt 0.375000 0.269200
vt 0.855800 0.530000
vt 0.855800 0.500000
vt 0.866885 0.500000
vt 0.875000 0.530000
vt 0.585000 0.269200
vt 0.585000 0.250000
vt 0.616547 0.243660
vt 0.625000 0.269200
vt 0.585000 0.220000
vt 0.625000 0.220000
vt 0.355800 0.720000
vt 0.375000 0.720000
vt 0.380635 0.748479
vt 0.365400 0.759600
vt 0.415000 0.720000
vt 0.415000 0.750000
vt 0.415000 0.769200
vt 0.644200 0.720000
vt 0.634600 0.759600
vt 0.622070 0.745774
vt 0.625000 0.720000
vt 0.585000 0.769200
vt 0.585000 0.750000
vt 0.585000 0.720000
vt 0.355800 0.530000
vt 0.365400 0.490400
vt 0.377930 0.504226
vt 0.375000 0.530000
vt 0.415000 0.480800
vt 0.415000 0.500000
vt 0.415000 0.530000
vt 0.644200 0.530000
vt 0.625000 0.530000
vt 0.619365 0.501522
vt 0.634600 0.490400
vt 0.585000 0.530000
vt 0.585000 0.500000
vt 0.585000 0.480800
s 0
f 57/73/55 60/74/55 61/75/55 63/76/55
f 58/77/56 62/78/56 61/79/56 60/80/56
f 59/81/57 63/82/57 61/83/57 62/84/57
f 64/85/58 67/86/58 68/87/58 70/88/58
f 65/89/59 69/90/59 68/91/59 67/92/59
f 66/93/60 70/94/60 68/95/60 69/96/60
f 71/97/61 74/98/61 75/99/61 77/100/61
f 72/101/62 76/102/62 75/103/62 74/104/62
f 73/105/63 77/106/63 75/103/63 76/102/63
f 78/107/64 81/108/64 82/109/64 84/110/64
f 79/111/65 83/112/65 82/113/65 81/114/65
f 80/115/66 84/116/66 82/113/66 83/112/66
f 85/117/67 88/118/67 89/119/67 91/120/67
f 86/121/68 90/122/68 89/119/68 88/118/68
f 87/123/69 91/120/69 89/119/69 90/122/69
f 92/124/70 95/125/70 96/126/70 98/127/70
f 93/128/71 97/129/71 96/126/71 95/125/71
f 94/130/72 98/127/72 96/126/72 97/129/72
f 99/131/73 102/132/73 103/133/73 105/134/73
f 100/135/74 104/136/74 103/133/74 102/132/74
f 101/137/75 105/134/75 103/133/75 104/136/75
f 106/138/76 109/139/76 110/140/76 112/141/76
f 107/142/77 111/143/77 110/140/77 109/139/77
f 108/144/78 112/141/78 110/140/78 111/143/78
f 71/97/79 57/73/79 63/76/79 74/98/79
f 74/104/80 63/82/80 59/81/80 72/101/80
f 58/77/81 64/85/81 70/88/81 62/78/81
f 62/84/82 70/94/82 66/93/82 59/81/82
f 65/89/83 78/107/83 84/110/83 69/90/83
f 69/96/84 84/116/84 80/115/84 66/93/84
f 79/111/85 73/105/85 76/102/85 83/112/85
f 83/112/86 76/102/86 72/101/86 80/115/86
f 99/131/87 71/97/87 77/100/87 102/132/87
f 102/132/88 77/106/88 73/105/88 100/135/88
f 78/107/89 106/138/89 112/141/89 81/108/89
f 81/114/90 112/141/90 108/144/90 79/111/90
f 107/142/91 101/137/91 104/136/91 111/143/91
f 111/143/92 104/136/92 100/135/92 108/144/92
f 85/117/93 99/131/93 105/134/93 88/118/93
f 88/118/94 105/134/94 101/137/94 86/121/94
f 106/138/95 92/124/95 98/127/95 109/139/95
f 109/139/96 98/127/96 94/130/96 107/142/96
f 93/128/97 87/123/97 90/122/97 97/129/97
f 97/129/98 90/122/98 86/121/98 94/130/98
f 57/73/99 85/117/99 91/120/99 60/74/99
f 60/80/100 91/120/100 87/123/100 58/77/100
f 92/124/101 65/89/101 67/92/101 95/125/101
f 95/125/102 67/86/102 64/85/102 93/128/102
f 71/97/103 99/131/103 85/117/103 57/73/103
f 59/81/104 66/93/104 80/115/104 72/101/104
f 87/123/105 93/128/105 64/85/105 58/77/105
f 106/138/106 78/107/106 65/89/106 92/124/106
f 73/105/107 79/111/107 108/144/107 100/135/107
f 101/137/108 107/142/108 94/130/108 86/121/108
o GraduatedArc_02
v -0.860266 -0.752462 -0.031820
v -0.873843 -0.733262 -0.018243
v -0.873843 -0.733262 -0.045396
v -0.869866 -0.746839 -0.022220
v -0.875943 -0.744347 -0.031820
v -0.879466 -0.733262 -0.031820
v -0.869866 -0.746839 -0.041420
v -0.873843 -0.651662 -0.018243
v -0.860266 -0.632462 -0.031820
v -0.873843 -0.651662 -0.045396
v -0.869866 -0.638086 -0.022220
v -0.875943 -0.640577 -0.031820
v -0.869866 -0.638086 -0.041420
v -0.879466 -0.651662 -0.031820
v -0.774282 -0.752462 -0.117804
v -0.787858 -0.733262 -0.131380
v -0.760705 -0.733262 -0.131380
v -0.783882 -0.746839 -0.127404
v -0.774282 -0.744347 -0.133481
v -0.774282 -0.733262 -0.137004
v -0.764682 -0.746839 -0.127404
v -0.774282 -0.632462 -0.117804
v -0.760705 -0.651662 -0.131380
v -0.787858 -0.651662 -0.131380
v -0.764682 -0.638086 -0.127404
v -0.774282 -0.640577 -0.133481
v -0.774282 -0.651662 -0.137004
v -0.783882 -0.638086 -0.127404
v -0.710642 -0.752462 0.117804
v -0.697066 -0.733262 0.131380
v -0.724219 -0.733262 0.131380
v -0.701042 -0.746839 0.127404
v -0.710642 -0.744347 0.133481
v -0.710642 -0.733262 0.137004
v -0.720242 -0.746839 0.127404
v -0.710642 -0.632462 0.117804
v -0.724219 -0.651662 0.131380
v -0.697066 -0.651662 0.131380
v -0.720242 -0.638086 0.127404
v -0.710642 -0.640577 0.133481
v -0.710642 -0.651662 0.137004
v -0.701042 -0.638086 0.127404
v -0.624658 -0.752462 0.031820
v -0.611082 -0.733262 0.018243
v -0.611082 -0.733262 0.045396
v -0.615058 -0.746839 0.022220
v -0.608981 -0.744347 0.031820
v -0.605458 -0.733262 0.031820
v -0.615058 -0.746839 0.041420
v -0.624658 -0.632462 0.031820
v -0.611082 -0.651662 0.045396
v -0.611082 -0.651662 0.018243
v -0.615058 -0.638086 0.041420
v -0.608981 -0.640577 0.031820
v -0.605458 -0.651662 0.031820
v -0.615058 -0.638086 0.022220
vn -0.4597 -0.8881 -0.0000
vn -0.8578 -0.3251 0.3981
vn -0.8578 -0.3251 -0.3981
vn -0.8578 0.3251 0.3981
vn -0.4597 0.8881 -0.0000
vn -0.8578 0.3251 -0.3981
vn -0.0000 -0.8881 -0.4597
vn -0.3981 -0.3251 -0.8578
vn 0.3981 -0.3251 -0.8578
vn -0.0000 0.8881 -0.4597
vn 0.3981 0.3251 -0.8578
vn -0.3981 0.3251 -0.8578
vn -0.0000 -0.8881 0.4597
vn 0.3981 -0.3251 0.8578
vn -0.3981 -0.3251 0.8578
vn -0.0000 0.8881 0.4597
vn -0.3981 0.3251 0.8578
vn 0.3981 0.3251 0.8578
vn 0.4597 -0.8881 -0.0000
vn 0.8578 -0.3251 -0.3981
vn 0.8578 -0.3251 0.3981
vn 0.4597 0.8881 -0.0000
vn 0.8578 0.3251 0.3981
vn 0.8578 0.3251 -0.3981
vn -0.2706 -0.9239 -0.2706
vn -0.6533 -0.3827 -0.6533
vn -0.9239 -0.0000 0.3827
vn -0.9239 -0.0000 -0.3827
vn -0.2706 0.9239 -0.2706
vn -0.6533 0.3827 -0.6533
vn 0.3827 -0.0000 -0.9239
vn -0.3827 -0.0000 -0.9239
vn 0.2706 -0.9239 -0.2706
vn 0.6533 -0.3827 -0.6533
vn 0.2706 0.9239 -0.2706
vn 0.6533 0.3827 -0.6533
vn 0.9239 -0.0000 0.3827
vn 0.9239 -0.0000 -0.3827
vn 0.2706 -0.9239 0.2706
vn 0.6533 -0.3827 0.6533
vn 0.2706 0.9239 0.2706
vn 0.6533 0.3827 0.6533
vn -0.3827 -0.0000 0.9239
vn 0.3827 -0.0000 0.9239
vn -0.2706 -0.9239 0.2706
vn -0.6533 -0.3827 0.6533
vn -0.2706 0.9239 0.2706
vn -0.6533 0.3827 0.6533
vn -0.0000 -1.0000 -0.0000
vn -0.7071 -0.0000 -0.7071
vn -0.7071 -0.0000 0.7071
vn -0.0000 1.0000 -0.0000
vn 0.7071 -0.0000 -0.7071
vn 0.7071 -0.0000 0.7071
vt 0.144200 0.720000
vt 0.144200 0.750000
vt 0.133115 0.750000
vt 0.125000 0.720000
vt 0.415000 0.980800
vt 0.415000 1.000000
vt 0.391906 1.000000
vt 0.375000 0.980800
vt 0.415000 0.030000
vt 0.375000 0.030000
vt 0.375000 0.012680
vt 0.415000 0.000000
vt 0.585000 0.980800
vt 0.625000 0.980800
vt 0.625000 0.991885
vt 0.585000 1.000000
vt 0.855800 0.720000
vt 0.875000 0.720000
vt 0.875000 0.737321
vt 0.855800 0.750000
vt 0.585000 0.030000
vt 0.585000 0.000000
vt 0.608094 0.000000
vt 0.625000 0.030000
vt 0.144200 0.530000
vt 0.125000 0.530000
vt 0.125000 0.512680
vt 0.144200 0.500000
vt 0.415000 0.220000
vt 0.415000 0.250000
vt 0.383453 0.254057
vt 0.375000 0.220000
vt 0.415000 0.269200
vt 0.375000 0.269200
vt 0.855800 0.530000
vt 0.855800 0.500000
vt 0.866885 0.500000
vt 0.875000 0.530000
vt 0.585000 0.269200
vt 0.585000 0.250000
vt 0.616547 0.243660
vt 0.625000 0.269200
vt 0.585000 0.220000
vt 0.625000 0.220000
vt 0.355800 0.720000
vt 0.375000 0.720000
vt 0.380635 0.748478
vt 0.365400 0.759600
vt 0.415000 0.720000
vt 0.415000 0.750000
vt 0.415000 0.769200
vt 0.644200 0.720000
vt 0.634600 0.759600
vt 0.622070 0.745773
vt 0.625000 0.720000
vt 0.585000 0.769200
vt 0.585000 0.750000
vt 0.585000 0.720000
vt 0.355800 0.530000
vt 0.365400 0.490400
vt 0.377930 0.504227
vt 0.375000 0.530000
vt 0.415000 0.480800
vt 0.415000 0.500000
vt 0.415000 0.530000
vt 0.644200 0.530000
vt 0.625000 0.530000
vt 0.619365 0.501522
vt 0.634600 0.490400
vt 0.585000 0.530000
vt 0.585000 0.500000
vt 0.585000 0.480800
s 0
f 113/145/109 116/146/109 117/147/109 119/148/109
f 114/149/110 118/150/110 117/151/110 116/152/110
f 115/153/111 119/154/111 117/155/111 118/156/111
f 120/157/112 123/158/112 124/159/112 126/160/112
f 121/161/113 125/162/113 124/163/113 123/164/113
f 122/165/114 126/166/114 124/167/114 125/168/114
f 127/169/115 130/170/115 131/171/115 133/172/115
f 128/173/116 132/174/116 131/175/116 130/176/116
f 129/177/117 133/178/117 131/175/117 132/174/117
f 134/179/118 137/180/118 138/181/118 140/182/118
f 135/183/119 139/184/119 138/185/119 137/186/119
f 136/187/120 140/188/120 138/185/120 139/184/120
f 141/189/121 144/190/121 145/191/121 147/192/121
f 142/193/122 146/194/122 145/191/122 144/190/122
f 143/195/123 147/192/123 145/191/123 146/194/123
f 148/196/124 151/197/124 152/198/124 154/199/124
f 149/200/125 153/201/125 152/198/125 151/197/125
f 150/202/126 154/199/126 152/198/126 153/201/126
f 155/203/127 158/204/127 159/205/127 161/206/127
f 156/207/128 160/208/128 159/205/128 158/204/128
f 157/209/129 161/206/129 159/205/129 160/208/129
f 162/210/130 165/211/130 166/212/130 168/213/130
f 163/214/131 167/215/131 166/212/131 165/211/131
f 164/216/132 168/213/132 166/212/132 167/215/132
f 127/169/133 113/145/133 119/148/133 130/170/133
f 130/176/134 119/154/134 115/153/134 128/173/134
f 114/149/135 120/157/135 126/160/135 118/150/135
f 118/156/136 126/166/136 122/165/136 115/153/136
f 121/161/137 134/179/137 140/182/137 125/162/137
f 125/168/138 140/188/138 136/187/138 122/165/138
f 135/183/139 129/177/139 132/174/139 139/184/139
f 139/184/140 132/174/140 128/173/140 136/187/140
f 155/203/141 127/169/141 133/172/141 158/204/141
f 158/204/142 133/178/142 129/177/142 156/207/142
f 134/179/143 162/210/143 168/213/143 137/180/143
f 137/186/144 168/213/144 164/216/144 135/183/144
f 163/214/145 157/209/145 160/208/145 167/215/145
f 167/215/146 160/208/146 156/207/146 164/216/146
f 141/189/147 155/203/147 161/206/147 144/190/147
f 144/190/148 161/206/148 157/209/148 142/193/148
f 162/210/149 148/196/149 154/199/149 165/211/149
f 165/211/150 154/199/150 150/202/150 163/214/150
f 149/200/151 143/195/151 146/194/151 153/201/151
f 153/201/152 146/194/152 142/193/152 150/202/152
f 113/145/153 141/189/153 147/192/153 116/146/153
f 116/152/154 147/192/154 143/195/154 114/149/154
f 148/196/155 121/161/155 123/164/155 151/197/155
f 151/197/156 123/158/156 120/157/156 149/200/156
f 127/169/157 155/203/157 141/189/157 113/145/157
f 115/153/158 122/165/158 136/187/158 128/173/158
f 143/195/159 149/200/159 120/157/159 114/149/159
f 162/210/160 134/179/160 121/161/160 148/196/160
f 129/177/161 135/183/161 164/216/161 156/207/161
f 157/209/162 163/214/162 150/202/162 142/193/162
o GraduatedArc_03
v -0.723795 -0.870110 -0.010880
v -0.734808 -0.850910 0.004848
v -0.739523 -0.850910 -0.021893
v -0.731582 -0.864486 0.000241
v -0.739234 -0.861995 -0.008158
v -0.742703 -0.850910 -0.007546
v -0.734916 -0.864486 -0.018667
v -0.734808 -0.769310 0.004848
v -0.723795 -0.750110 -0.010880
v -0.739523 -0.769310 -0.021893
v -0.731582 -0.755733 0.000241
v -0.739234 -0.758225 -0.008158
v -0.734916 -0.755733 -0.018667
v -0.742703 -0.769310 -0.007546
v -0.654048 -0.870110 -0.110489
v -0.669776 -0.850910 -0.121502
v -0.643035 -0.850910 -0.126217
v -0.665169 -0.864486 -0.118276
v -0.656770 -0.861995 -0.125927
v -0.657382 -0.850910 -0.129397
v -0.646261 -0.864486 -0.121610
v -0.654048 -0.750110 -0.110489
v -0.643035 -0.769310 -0.126217
v -0.669776 -0.769310 -0.121502
v -0.646261 -0.755733 -0.121610
v -0.656770 -0.758225 -0.125927
v -0.657382 -0.769310 -0.129397
v -0.665169 -0.755733 -0.118276
v -0.550462 -0.870110 0.110489
v -0.534735 -0.850910 0.121502
v -0.561475 -0.850910 0.126217
v -0.539341 -0.864486 0.118276
v -0.547740 -0.861995 0.125927
v -0.547128 -0.850910 0.129397
v -0.558250 -0.864486 0.121610
v -0.550462 -0.750110 0.110489
v -0.561475 -0.769310 0.126217
v -0.534735 -0.769310 0.121502
v -0.558250 -0.755733 0.121610
v -0.547740 -0.758225 0.125927
v -0.547128 -0.769310 0.129397
v -0.539341 -0.755733 0.118276
v -0.480716 -0.870110 0.010880
v -0.469703 -0.850910 -0.004848
v -0.464988 -0.850910 0.021893
v -0.472928 -0.864486 -0.000241
v -0.465277 -0.861995 0.008158
v -0.461807 -0.850910 0.007546
v -0.469594 -0.864486 0.018667
v -0.480716 -0.750110 0.010880
v -0.464988 -0.769310 0.021893
v -0.469703 -0.769310 -0.004848
v -0.469594 -0.755733 0.018667
v -0.465277 -0.758225 0.008158
v -0.461807 -0.769310 0.007546
v -0.472928 -0.755733 -0.000241
vn -0.4527 -0.8881 0.0798
vn -0.7757 -0.3251 0.5410
vn -0.9139 -0.3251 -0.2431
vn -0.7757 0.3251 0.5410
vn -0.4527 0.8881 0.0798
vn -0.9139 0.3251 -0.2431
vn -0.0798 -0.8881 -0.4527
vn -0.5410 -0.3251 -0.7757
vn 0.2431 -0.3251 -0.9139
vn -0.0798 0.8881 -0.4527
vn 0.2431 0.3251 -0.9139
vn -0.5410 0.3251 -0.7757
vn 0.0798 -0.8881 0.4527
vn 0.5410 -0.3251 0.7757
vn -0.2431 -0.3251 0.9139
vn 0.0798 0.8881 0.4527
vn -0.2431 0.3251 0.9139
vn 0.5410 0.3251 0.7757
vn 0.4527 -0.8881 -0.0798
vn 0.7756 -0.3251 -0.5410
vn 0.9139 -0.3251 0.2431
vn 0.4527 0.8881 -0.0798
vn 0.9139 0.3251 0.2431
vn 0.7756 0.3251 -0.5410
vn -0.3135 -0.9239 -0.2195
vn -0.7568 -0.3827 -0.5299
vn -0.8434 -0.0000 0.5373
vn -0.9763 -0.0000 -0.2164
vn -0.3135 0.9239 -0.2195
vn -0.7568 0.3827 -0.5299
vn 0.2164 -0.0000 -0.9763
vn -0.5373 -0.0000 -0.8434
vn 0.2195 -0.9239 -0.3135
vn 0.5299 -0.3827 -0.7568
vn 0.2195 0.9239 -0.3135
vn 0.5299 0.3827 -0.7568
vn 0.9763 -0.0000 0.2164
vn 0.8434 -0.0000 -0.5373
vn 0.3135 -0.9239 0.2195
vn 0.7568 -0.3827 0.5299
vn 0.3135 0.9239 0.2195
vn 0.7568 0.3827 0.5299
vn -0.2164 -0.0000 0.9763
vn 0.5373 -0.0000 0.8434
vn -0.2195 -0.9239 0.3135
vn -0.5299 -0.3827 0.7568
vn -0.2195 0.9239 0.3135
vn -0.5299 0.3827 0.7568
vn -0.0000 -1.0000 -0.0000
vn -0.8192 -0.0000 -0.5736
vn -0.5736 -0.0000 0.8192
vn -0.0000 1.0000 -0.0000
vn 0.5736 -0.0000 -0.8192
vn 0.8192 -0.0000 0.5736
vt 0.144200 0.720000
vt 0.144200 0.750000
vt 0.133115 0.750000
vt 0.125000 0.720000
vt 0.415000 0.980800
vt 0.415000 1.000000
vt 0.391906 1.000000
vt 0.375000 0.980800
vt 0.415000 0.030000
vt 0.375000 0.030000
vt 0.375000 0.012680
vt 0.415000 0.000000
vt 0.585000 0.980800
vt 0.625000 0.980800
vt 0.625000 0.991885
vt 0.585000 1.000000
vt 0.855800 0.720000
vt 0.875000 0.720000
vt 0.875000 0.737321
vt 0.855800 0.750000
vt 0.585000 0.030000
vt 0.585000 0.000000
vt 0.608094 0.000000
vt 0.625000 0.030000
vt 0.144200 0.530000
vt 0.125000 0.530000
vt 0.125000 0.512680
vt 0.144200 0.500000
vt 0.415000 0.220000
vt 0.415000 0.250000
vt 0.383453 0.254057
vt 0.375000 0.220000
vt 0.415000 0.269200
vt 0.375000 0.269200
vt 0.855800 0.530000
vt 0.855800 0.500000
vt 0.866885 0.500000
vt 0.875000 0.530000
vt 0.585000 0.269200
vt 0.585000 0.250000
vt 0.616547 0.243660
vt 0.625000 0.269200
vt 0.585000 0.220000
vt 0.625000 0.220000
vt 0.355800 0.720000
vt 0.375000 0.720000
vt 0.380635 0.748479
vt 0.365400 0.759600
vt 0.415000 0.720000
vt 0.415000 0.750000
vt 0.415000 0.769200
vt 0.644200 0.720000
vt 0.634600 0.759600
vt 0.622070 0.745774
vt 0.625000 0.720000
vt 0.585000 0.769200
vt 0.585000 0.750000
vt 0.585000 0.720000
vt 0.355800 0.530000
vt 0.365400 0.490400
vt 0.377930 0.504226
vt 0.375000 0.530000
vt 0.415000 0.480800
vt 0.415000 0.500000
vt 0.415000 0.530000
vt 0.644200 0.530000
vt 0.625000 0.530000
vt 0.619365 0.501522
vt 0.634600 0.490400
vt 0.585000 0.530000
vt 0.585000 0.500000
vt 0.585000 0.480800
s 0
f 169/217/163 172/218/163 173/219/163 175/220/163
f 170/221/164 174/222/164 173/223/164 172/224/164
f 171/225/165 175/226/165 173/227/165 174/228/165
f 176/229/166 179/230/166 180/231/166 182/232/166
f 177/233/167 181/234/167 180/235/167 179/236/167
f 178/237/168 182/238/168 180/239/168 181/240/168
f 183/241/169 186/242/169 187/243/169 189/244/169
f 184/245/170 188/246/170 187/247/170 186/248/170
f 185/249/171 189/250/171 187/247/171 188/246/171
f 190/251/172 193/252/172 194/253/172 196/254/172
f 191/255/173 195/256/173 194/257/173 193/258/173
f 192/259/174 196/260/174 194/257/174 195/256/174
f 197/261/175 200/262/175 201/263/175 203/264/175
f 198/265/176 202/266/176 201/263/176 200/262/176
f 199/267/177 203/264/177 201/263/177 202/266/177
f 204/268/178 207/269/178 208/270/178 210/271/178
f 205/272/179 209/273/179 208/270/179 207/269/179
f 206/274/180 210/271/180 208/270/180 209/273/180
f 211/275/181 214/276/181 215/277/181 217/278/181
f 212/279/182 216/280/182 215/277/182 214/276/182
f 213/281/183 217/278/183 215/277/183 216/280/183
f 218/282/184 221/283/184 222/284/184 224/285/184
f 219/286/185 223/287/185 222/284/185 221/283/185
f 220/288/186 224/285/186 222/284/186 223/287/186
f 183/241/187 169/217/187 175/220/187 186/242/187
f 186/248/188 175/226/188 171/225/188 184/245/188
f 170/221/189 176/229/189 182/232/189 174/222/189
f 174/228/190 182/238/190 178/237/190 171/225/190
f 177/233/191 190/251/191 196/254/191 181/234/191
f 181/240/192 196/260/192 192/259/192 178/237/192
f 191/255/193 185/249/193 188/246/193 195/256/193
f 195/256/194 188/246/194 184/245/194 192/259/194
f 211/275/195 183/241/195 189/244/195 214/276/195
f 214/276/196 189/250/196 185/249/196 212/279/196
f 190/251/197 218/282/197 224/285/197 193/252/197
f 193/258/198 224/285/198 220/288/198 191/255/198
f 219/286/199 213/281/199 216/280/199 223/287/199
f 223/287/200 216/280/200 212/279/200 220/288/200
f 197/261/201 211/275/201 217/278/201 200/262/201
f 200/262/202 217/278/202 213/281/202 198/265/202
f 218/282/203 204/268/203 210/271/203 221/283/203
f 221/283/204 210/271/204 206/274/204 219/286/204
f 205/272/205 199/267/205 202/266/205 209/273/205
f 209/273/206 202/266/206 198/265/206 206/274/206
f 169/217/207 197/261/207 203/264/207 172/218/207
f 172/224/208 203/264/208 199/267/208 170/221/208
f 204/268/209 177/233/209 179/236/209 207/269/209
f 207/269/210 179/230/210 176/229/210 205/272/210
f 183/241/211 211/275/211 197/261/211 169/217/211
f 171/225/212 178/237/212 192/259/212 184/245/212
f 199/267/213 205/272/213 176/229/213 170/221/213
f 218/282/214 190/251/214 177/233/214 204/268/214
f 185/249/215 191/255/215 220/288/215 212/279/215
f 213/281/216 219/286/216 206/274/216 198/265/216
o GraduatedArc_04
v -0.565332 -0.961623 0.010390
v -0.573446 -0.942423 0.027792
v -0.582733 -0.942423 0.002276
v -0.571069 -0.956000 0.022695
v -0.580063 -0.953508 0.015752
v -0.583374 -0.942423 0.016957
v -0.577636 -0.956000 0.004653
v -0.573446 -0.860823 0.027792
v -0.565332 -0.841623 0.010390
v -0.582733 -0.860823 0.002276
v -0.571069 -0.847247 0.022695
v -0.580063 -0.849738 0.015752
v -0.577636 -0.847247 0.004653
v -0.583374 -0.860823 0.016957
v -0.513941 -0.961623 -0.099817
v -0.531342 -0.942423 -0.107931
v -0.505827 -0.942423 -0.117218
v -0.526246 -0.956000 -0.105554
v -0.519303 -0.953508 -0.114548
v -0.520508 -0.942423 -0.117859
v -0.508204 -0.956000 -0.112121
v -0.513941 -0.841623 -0.099817
v -0.505827 -0.860823 -0.117218
v -0.531342 -0.860823 -0.107931
v -0.508204 -0.847247 -0.112121
v -0.519303 -0.849738 -0.114548
v -0.520508 -0.860823 -0.117859
v -0.526246 -0.847247 -0.105554
v -0.373557 -0.961623 0.099817
v -0.356156 -0.942423 0.107931
v -0.381671 -0.942423 0.117218
v -0.361253 -0.956000 0.105554
v -0.368195 -0.953508 0.114548
v -0.366990 -0.942423 0.117859
v -0.379295 -0.956000 0.112121
v -0.373557 -0.841623 0.099817
v -0.381671 -0.860823 0.117218
v -0.356156 -0.860823 0.107931
v -0.379295 -0.847247 0.112121
v -0.368195 -0.849738 0.114548
v -0.366990 -0.860823 0.117859
v -0.361253 -0.847247 0.105554
v -0.322167 -0.961623 -0.010390
v -0.314052 -0.942423 -0.027792
v -0.304766 -0.942423 -0.002276
v -0.316429 -0.956000 -0.022695
v -0.307435 -0.953508 -0.015752
v -0.304125 -0.942423 -0.016957
v -0.309862 -0.956000 -0.004653
v -0.322167 -0.841623 -0.010390
v -0.304766 -0.860823 -0.002276
v -0.314052 -0.860823 -0.027792
v -0.309862 -0.847247 -0.004653
v -0.307435 -0.849738 -0.015752
v -0.304125 -0.860823 -0.016957
v -0.316429 -0.847247 -0.022695
vn -0.4320 -0.8881 0.1572
vn -0.6699 -0.3251 0.6675
vn -0.9422 -0.3251 -0.0807
vn -0.6699 0.3251 0.6675
vn -0.4320 0.8881 0.1572
vn -0.9422 0.3251 -0.0807
vn -0.1572 -0.8881 -0.4320
vn -0.6675 -0.3251 -0.6699
vn 0.0807 -0.3251 -0.9422
vn -0.1572 0.8881 -0.4320
vn 0.0807 0.3251 -0.9422
vn -0.6675 0.3251 -0.6699
vn 0.1572 -0.8881 0.4320
vn 0.6675 -0.3251 0.6699
vn -0.0807 -0.3251 0.9422
vn 0.1572 0.8881 0.4320
vn -0.0807 0.3251 0.9422
vn 0.6675 0.3251 0.6699
vn 0.4320 -0.8881 -0.1572
vn 0.6699 -0.3251 -0.6675
vn 0.9422 -0.3251 0.0807
vn 0.4320 0.8881 -0.1572
vn 0.9422 0.3251 0.0807
vn 0.6699 0.3251 -0.6675
vn -0.3468 -0.9239 -0.1617
vn -0.8373 -0.3827 -0.3904
vn -0.7373 -0.0000 0.6756
vn -0.9990 -0.0000 -0.0436
vn -0.3468 0.9239 -0.1617
vn -0.8373 0.3827 -0.3904
vn 0.0436 -0.0000 -0.9990
vn -0.6756 -0.0000 -0.7373
vn 0.1617 -0.9239 -0.3468
vn 0.3904 -0.3827 -0.8373
vn 0.1617 0.9239 -0.3468
vn 0.3904 0.3827 -0.8373
vn 0.9990 -0.0000 0.0436
vn 0.7373 -0.0000 -0.6756
vn 0.3468 -0.9239 0.1617
vn 0.8373 -0.3827 0.3904
vn 0.3468 0.9239 0.1617
vn 0.8373 0.3827 0.3904
vn -0.0436 -0.0000 0.9990
vn 0.6756 -0.0000 0.7373
vn -0.1617 -0.9239 0.3468
vn -0.3904 -0.3827 0.8373
vn -0.1617 0.9239 0.3468
vn -0.3904 0.3827 0.8373
vn -0.0000 -1.0000 -0.0000
vn -0.9063 -0.0000 -0.4226
vn -0.4226 -0.0000 0.9063
vn -0.0000 1.0000 -0.0000
vn 0.4226 -0.0000 -0.9063
vn 0.9063 -0.0000 0.4226
vt 0.144200 0.720000
vt 0.144200 0.750000
vt 0.133115 0.750000
vt 0.125000 0.720000
vt 0.415000 0.980800
vt 0.415000 1.000000
vt 0.391906 1.000000
vt 0.375000 0.980800
vt 0.415000 0.030000
vt 0.375000 0.030000
vt 0.375000 0.012680
vt 0.415000 0.000000
vt 0.585000 0.980800
vt 0.625000 0.980800
vt 0.625000 0.991885
vt 0.585000 1.000000
vt 0.855800 0.720000
vt 0.875000 0.720000
vt 0.875000 0.737321
vt 0.855800 0.750000
vt 0.585000 0.030000
vt 0.585000 0.000000
vt 0.608094 0.000000
vt 0.625000 0.030000
vt 0.144200 0.530000
vt 0.125000 0.530000
vt 0.125000 0.512680
vt 0.144200 0.500000
vt 0.415000 0.220000
vt 0.415000 0.250000
vt 0.383453 0.254057
vt 0.375000 0.220000
vt 0.415000 0.269200
vt 0.375000 0.269200
vt 0.855800 0.530000
vt 0.855800 0.500000
vt 0.866885 0.500000
vt 0.875000 0.530000
vt 0.585000 0.269200
vt 0.585000 0.250000
vt 0.616547 0.243660
vt 0.625000 0.269200
vt 0.585000 0.220000
vt 0.625000 0.220000
vt 0.355800 0.720000
vt 0.375000 0.720000
vt 0.380635 0.748478
vt 0.365400 0.759600
vt 0.415000 0.720000
vt 0.415000 0.750000
vt 0.415000 0.769200
vt 0.644200 0.720000
vt 0.634600 0.759600
vt 0.622070 0.745773
vt 0.625000 0.720000
vt 0.585000 0.769200
vt 0.585000 0.750000
vt 0.585000 0.720000
vt 0.355800 0.530000
vt 0.365400 0.490400
vt 0.377930 0.504227
vt 0.375000 0.530000
vt 0.415000 0.480800
vt 0.415000 0.500000
vt 0.415000 0.530000
vt 0.644200 0.530000
vt 0.625000 0.530000
vt 0.619365 0.501522
vt 0.634600 0.490400
vt 0.585000 0.530000
vt 0.585000 0.500000
vt 0.585000 0.480800
s 0
f 225/289/217 228/290/217 229/291/217 231/292/217
f 226/293/218 230/294/218 229/295/218 228/296/218
f 227/297/219 231/298/219 229/299/219 230/300/219
f 232/301/220 235/302/220 236/303/220 238/304/220
f 233/305/221 237/306/221 236/307/221 235/308/221
f 234/309/222 238/310/222 236/311/222 237/312/222
f 239/313/223 242/314/223 243/315/223 245/316/223
f 240/317/224 244/318/224 243/319/224 242/320/224
f 241/321/225 245/322/225 243/319/225 244/318/225
f 246/323/226 249/324/226 250/325/226 252/326/226
f 247/327/227 251/328/227 250/329/227 249/330/227
f 248/331/228 252/332/228 250/329/228 251/328/228
f 253/333/229 256/334/229 257/335/229 259/336/229
f 254/337/230 258/338/230 257/335/230 256/334/230
f 255/339/231 259/336/231 257/335/231 258/338/231
f 260/340/232 263/341/232 264/342/232 266/343/232
f 261/344/233 265/345/233 264/342/233 263/341/233
f 262/346/234 266/343/234 264/342/234 265/345/234
f 267/347/235 270/348/235 271/349/235 273/350/235
f 268/351/236 272/352/236 271/349/236 270/348/236
f 269/353/237 273/350/237 271/349/237 272/352/237
f 274/354/238 277/355/238 278/356/238 280/357/238
f 275/358/239 279/359/239 278/356/239 277/355/239
f 276/360/240 280/357/240 278/356/240 279/359/240
f 239/313/241 225/289/241 231/292/241 242/314/241
f 242/320/242 231/298/242 227/297/242 240/317/242
f 226/293/243 232/301/243 238/304/243 230/294/243
f 230/300/244 238/310/244 234/309/244 227/297/244
f 233/305/245 246/323/245 252/326/245 237/306/245
f 237/312/246 252/332/246 248/331/246 234/309/246
f 247/327/247 241/321/247 244/318/247 251/328/247
f 251/328/248 244/318/248 240/317/248 248/331/248
f 267/347/249 239/313/249 245/316/249 270/348/249
f 270/348/250 245/322/250 241/321/250 268/351/250
f 246/323/251 274/354/251 280/357/251 249/324/251
f 249/330/252 280/357/252 276/360/252 247/327/252
f 275/358/253 269/353/253 272/352/253 279/359/253
f 279/359/254 272/352/254 268/351/254 276/360/254
f 253/333/255 267/347/255 273/350/255 256/334/255
f 256/334/256 273/350/256 269/353/256 254/337/256
f 274/354/257 260/340/257 266/343/257 277/355/257
f 277/355/258 266/343/258 262/346/258 275/358/258
f 261/344/259 255/339/259 258/338/259 265/345/259
f 265/345/260 258/338/260 254/337/260 262/346/260
f 225/289/261 253/333/261 259/336/261 228/290/261
f 228/296/262 259/336/262 255/339/262 226/293/262
f 260/340/263 233/305/263 235/308/263 263/341/263
f 263/341/264 235/302/264 232/301/264 261/344/264
f 239/313/265 267/347/265 253/333/265 225/289/265
f 227/297/266 234/309/266 248/331/266 240/317/266
f 255/339/267 261/344/267 232/301/267 226/293/267
f 274/354/268 246/323/268 233/305/268 260/340/268
f 241/321/269 247/327/269 276/360/269 268/351/269
f 269/353/270 275/358/270 262/346/270 254/337/270
o GraduatedArc_05
v -0.389691 -1.024222 0.031345
v -0.394660 -1.005022 0.049891
v -0.408237 -1.005022 0.026376
v -0.393205 -1.018599 0.044459
v -0.403268 -1.016107 0.039184
v -0.406319 -1.005022 0.040945
v -0.402805 -1.018599 0.027831
v -0.394660 -0.923422 0.049891
v -0.389691 -0.904222 0.031345
v -0.408237 -0.923422 0.026376
v -0.393205 -0.909846 0.044459
v -0.403268 -0.912337 0.039184
v -0.402805 -0.909846 0.027831
v -0.406319 -0.923422 0.040945
v -0.358219 -1.024222 -0.086111
v -0.376765 -1.005022 -0.091081
v -0.353249 -1.005022 -0.104657
v -0.371333 -1.018599 -0.089625
v -0.366057 -1.016107 -0.099688
v -0.367819 -1.005022 -0.102739
v -0.354705 -1.018599 -0.099225
v -0.358219 -0.904222 -0.086111
v -0.353249 -0.923422 -0.104657
v -0.376765 -0.923422 -0.091081
v -0.354705 -0.909846 -0.099225
v -0.366057 -0.912337 -0.099688
v -0.367819 -0.923422 -0.102739
v -0.371333 -0.909846 -0.089625
v -0.185301 -1.024222 0.086111
v -0.166755 -1.005022 0.091081
v -0.190271 -1.005022 0.104657
v -0.172187 -1.018599 0.089625
v -0.177463 -1.016107 0.099688
v -0.175701 -1.005022 0.102739
v -0.188815 -1.018599 0.099225
v -0.185301 -0.904222 0.086111
v -0.190271 -0.923422 0.104657
v -0.166755 -0.923422 0.091081
v -0.188815 -0.909846 0.099225
v -0.177463 -0.912337 0.099688
v -0.175701 -0.923422 0.102739
v -0.172187 -0.909846 0.089625
v -0.153829 -1.024222 -0.031345
v -0.148860 -1.005022 -0.049891
v -0.135283 -1.005022 -0.026376
v -0.150315 -1.018599 -0.044459
v -0.140252 -1.016107 -0.039184
v -0.137201 -1.005022 -0.040945
v -0.140715 -1.018599 -0.027831
v -0.153829 -0.904222 -0.031345
v -0.135283 -0.923422 -0.026376
v -0.148860 -0.923422 -0.049891
v -0.140715 -0.909846 -0.027831
v -0.140252 -0.912337 -0.039184
v -0.137201 -0.923422 -0.040945
v -0.150315 -0.909846 -0.044459
vn -0.3981 -0.8881 0.2299
vn -0.5438 -0.3251 0.7737
vn -0.9419 -0.3251 0.0841
vn -0.5438 0.3251 0.7737
vn -0.3981 0.8881 0.2299
vn -0.9419 0.3251 0.0841
vn -0.2299 -0.8881 -0.3981
vn -0.7737 -0.3251 -0.5438
vn -0.0841 -0.3251 -0.9419
vn -0.2299 0.8881 -0.3981
vn -0.0841 0.3251 -0.9419
vn -0.7737 0.3251 -0.5438
vn 0.2299 -0.8881 0.3981
vn 0.7737 -0.3251 0.5438
vn 0.0841 -0.3251 0.9419
vn 0.2299 0.8881 0.3981
vn 0.0841 0.3251 0.9419
vn 0.7737 0.3251 0.5438
vn 0.3981 -0.8881 -0.2299
vn 0.5438 -0.3251 -0.7737
vn 0.9419 -0.3251 -0.0841
vn 0.3981 0.8881 -0.2299
vn 0.9419 0.3251 -0.0841
vn 0.5438 0.3251 -0.7737
vn -0.3696 -0.9239 -0.0990
vn -0.8924 -0.3827 -0.2391
vn -0.6088 -0.0000 0.7934
vn -0.9914 -0.0000 0.1305
vn -0.3696 0.9239 -0.0990
vn -0.8924 0.3827 -0.2391
vn -0.1305 -0.0000 -0.9914
vn -0.7934 -0.0000 -0.6088
vn 0.0990 -0.9239 -0.3696
vn 0.2391 -0.3827 -0.8924
vn 0.0990 0.9239 -0.3696
vn 0.2391 0.3827 -0.8924
vn 0.9914 -0.0000 -0.1305
vn 0.6088 -0.0000 -0.7934
vn 0.3696 -0.9239 0.0990
vn 0.8924 -0.3827 0.2391
vn 0.3696 0.9239 0.0990
vn 0.8924 0.3827 0.2391
vn 0.1305 -0.0000 0.9914
vn 0.7934 -0.0000 0.6088
vn -0.0990 -0.9239 0.3696
vn -0.2391 -0.3827 0.8924
vn -0.0990 0.9239 0.3696
vn -0.2391 0.3827 0.8924
vn -0.0000 -1.0000 -0.0000
vn -0.9659 -0.0000 -0.2588
vn -0.2588 -0.0000 0.9659
vn -0.0000 1.0000 -0.0000
vn 0.2588 -0.0000 -0.9659
vn 0.9659 -0.0000 0.2588
vt 0.144200 0.720000
vt 0.144200 0.750000
vt 0.133115 0.750000
vt 0.125000 0.720000
vt 0.415000 0.980800
vt 0.415000 1.000000
vt 0.391906 1.000000
vt 0.375000 0.980800
vt 0.415000 0.030000
vt 0.375000 0.030000
vt 0.375000 0.012680
vt 0.415000 0.000000
vt 0.585000 0.980800
vt 0.625000 0.980800
vt 0.625000 0.991885
vt 0.585000 1.000000
vt 0.855800 0.720000
vt 0.875000 0.720000
vt 0.875000 0.737321
vt 0.855800 0.750000
vt 0.585000 0.030000
vt 0.585000 0.000000
vt 0.608094 0.000000
vt 0.625000 0.030000
vt 0.144200 0.530000
vt 0.125000 0.530000
vt 0.125000 0.512680
vt 0.144200 0.500000
vt 0.415000 0.220000
vt 0.415000 0.250000
vt 0.383453 0.254057
vt 0.375000 0.220000
vt 0.415000 0.269200
vt 0.375000 0.269200
vt 0.855800 0.530000
vt 0.855800 0.500000
vt 0.866885 0.500000
vt 0.875000 0.530000
vt 0.585000 0.269200
vt 0.585000 0.250000
vt 0.616547 0.243660
vt 0.625000 0.269200
vt 0.585000 0.220000
vt 0.625000 0.220000
vt 0.355800 0.720000
vt 0.375000 0.720000
vt 0.380635 0.748479
vt 0.365400 0.759600
vt 0.415000 0.720000
vt 0.415000 0.750000
vt 0.415000 0.769200
vt 0.644200 0.720000
vt 0.634600 0.759600
vt 0.622070 0.745774
vt 0.625000 0.720000
vt 0.585000 0.769200
vt 0.585000 0.750000
vt 0.585000 0.720000
vt 0.355800 0.530000
vt 0.365400 0.490400
vt 0.377930 0.504226
vt 0.375000 0.530000
vt 0.415000 0.480800
vt 0.415000 0.500000
vt 0.415000 0.530000
vt 0.644200 0.530000
vt 0.625000 0.530000
vt 0.619365 0.501522
vt 0.634600 0.490400
vt 0.585000 0.530000
vt 0.585000 0.500000
vt 0.585000 0.480800
s 0
f 281/361/271 284/362/271 285/363/271 287/364/271
f 282/365/272 286/366/272 285/367/272 284/368/272
f 283/369/273 287/370/273 285/371/273 286/372/273
f 288/373/274 291/374/274 292/375/274 294/376/274
f 289/377/275 293/378/275 292/379/275 291/380/275
f 290/381/276 294/382/276 292/383/276 293/384/276
f 295/385/277 298/386/277 299/387/277 301/388/277
f 296/389/278 300/390/278 299/391/278 298/392/278
f 297/393/279 301/394/279 299/391/279 300/390/279
f 302/395/280 305/396/280 306/397/280 308/398/280
f 303/399/281 307/400/281 306/401/281 305/402/281
f 304/403/282 308/404/282 306/401/282 307/400/282
f 309/405/283 312/406/283 313/407/283 315/408/283
f 310/409/284 314/410/284 313/407/284 312/406/284
f 311/411/285 315/408/285 313/407/285 314/410/285
f 316/412/286 319/413/286 320/414/286 322/415/286
f 317/416/287 321/417/287 320/414/287 319/413/287
f 318/418/288 322/415/288 320/414/288 321/417/288
f 323/419/289 326/420/289 327/421/289 329/422/289
f 324/423/290 328/424/290 327/421/290 326/420/290
f 325/425/291 329/422/291 327/421/291 328/424/291
f 330/426/292 333/427/292 334/428/292 336/429/292
f 331/430/293 335/431/293 334/428/293 333/427/293
f 332/432/294 336/429/294 334/428/294 335/431/294
f 295/385/295 281/361/295 287/364/295 298/386/295
f 298/392/296 287/370/296 283/369/296 296/389/296
f 282/365/297 288/373/297 294/376/297 286/366/297
f 286/372/298 294/382/298 290/381/298 283/369/298
f 289/377/299 302/395/299 308/398/299 293/378/299
f 293/384/300 308/404/300 304/403/300 290/381/300
f 303/399/301 297/393/301 300/390/301 307/400/301
f 307/400/302 300/390/302 296/389/302 304/403/302
f 323/419/303 295/385/303 301/388/303 326/420/303
f 326/420/304 301/394/304 297/393/304 324/423/304
f 302/395/305 330/426/305 336/429/305 305/396/305
f 305/402/306 336/429/306 332/432/306 303/399/306
f 331/430/307 325/425/307 328/424/307 335/431/307
f 335/431/308 328/424/308 324/423/308 332/432/308
f 309/405/309 323/419/309 329/422/309 312/406/309
f 312/406/310 329/422/310 325/425/310 310/409/310
f 330/426/311 316/412/311 322/415/311 333/427/311
f 333/427/312 322/415/312 318/418/312 331/430/312
f 317/416/313 311/411/313 314/410/313 321/417/313
f 321/417/314 314/410/314 310/409/314 318/418/314
f 281/361/315 309/405/315 315/408/315 284/362/315
f 284/368/316 315/408/316 311/411/316 282/365/316
f 316/412/317 289/377/317 291/380/317 319/413/317
f 319/413/318 291/374/318 288/373/318 317/416/318
f 295/385/319 323/419/319 309/405/319 281/361/319
f 283/369/320 290/381/320 304/403/320 296/389/320
f 311/411/321 317/416/321 288/373/321 282/365/321
f 330/426/322 302/395/322 289/377/322 316/412/322
f 297/393/323 303/399/323 332/432/323 324/423/323
f 325/425/324 331/430/324 318/418/324 310/409/324
o GraduatedArc_06
v -0.202210 -1.056004 0.051348
v -0.203883 -1.036804 0.070475
v -0.221337 -1.036804 0.049674
v -0.203393 -1.050381 0.064872
v -0.214219 -1.047890 0.061424
v -0.216918 -1.036804 0.063689
v -0.215735 -1.050381 0.050164
v -0.203883 -0.955204 0.070475
v -0.202210 -0.936004 0.051348
v -0.221337 -0.955204 0.049674
v -0.203393 -0.941628 0.064872
v -0.214219 -0.944119 0.061424
v -0.215735 -0.941628 0.050164
v -0.216918 -0.955204 0.063689
v -0.191612 -1.056004 -0.069790
v -0.210739 -1.036804 -0.071463
v -0.189938 -1.036804 -0.088917
v -0.205137 -1.050381 -0.070973
v -0.201689 -1.047890 -0.081799
v -0.203953 -1.036804 -0.084498
v -0.190429 -1.050381 -0.083314
v -0.191612 -0.936004 -0.069790
v -0.189938 -0.955204 -0.088917
v -0.210739 -0.955204 -0.071463
v -0.190429 -0.941628 -0.083314
v -0.201689 -0.944119 -0.081799
v -0.203953 -0.955204 -0.084498
v -0.205137 -0.941628 -0.070973
v 0.008585 -1.056004 0.069790
v 0.027712 -1.036804 0.071463
v 0.006911 -1.036804 0.088917
v 0.022110 -1.050381 0.070973
v 0.018662 -1.047890 0.081799
v 0.020926 -1.036804 0.084498
v 0.007402 -1.050381 0.083314
v 0.008585 -0.936004 0.069790
v 0.006911 -0.955204 0.088917
v 0.027712 -0.955204 0.071463
v 0.007402 -0.941628 0.083314
v 0.018662 -0.944119 0.081799
v 0.020926 -0.955204 0.084498
v 0.022110 -0.941628 0.070973
v 0.019183 -1.056004 -0.051348
v 0.020856 -1.036804 -0.070475
v 0.038310 -1.036804 -0.049674
v 0.020366 -1.050381 -0.064872
v 0.031192 -1.047890 -0.061424
v 0.033891 -1.036804 -0.063689
v 0.032708 -1.050381 -0.050164
v 0.019183 -0.936004 -0.051348
v 0.038310 -0.955204 -0.049674
v 0.020856 -0.955204 -0.070475
v 0.032708 -0.941628 -0.050164
v 0.031192 -0.944119 -0.061424
v 0.033891 -0.955204 -0.063689
v 0.020366 -0.941628 -0.064872
vn -0.3522 -0.8881 0.2955
vn -0.4012 -0.3251 0.8564
vn -0.9130 -0.3251 0.2464
vn -0.4012 0.3251 0.8564
vn -0.3522 0.8881 0.2955
vn -0.9130 0.3251 0.2464
vn -0.2955 -0.8881 -0.3522
vn -0.8564 -0.3251 -0.4012
vn -0.2464 -0.3251 -0.9130
vn -0.2955 0.8881 -0.3522
vn -0.2464 0.3251 -0.9130
vn -0.8564 0.3251 -0.4012
vn 0.2955 -0.8881 0.3522
vn 0.8564 -0.3251 0.4012
vn 0.2464 -0.3251 0.9130
vn 0.2955 0.8881 0.3522
vn 0.2464 0.3251 0.9130
vn 0.8564 0.3251 0.4012
vn 0.3522 -0.8881 -0.2955
vn 0.4012 -0.3251 -0.8564
vn 0.9130 -0.3251 -0.2464
vn 0.3522 0.8881 -0.2955
vn 0.9130 0.3251 -0.2464
vn 0.4012 0.3251 -0.8564
vn -0.3812 -0.9239 -0.0334
vn -0.9204 -0.3827 -0.0805
vn -0.4617 -0.0000 0.8870
vn -0.9537 -0.0000 0.3007
vn -0.3812 0.9239 -0.0334
vn -0.9204 0.3827 -0.0805
vn -0.3007 -0.0000 -0.9537
vn -0.8870 -0.0000 -0.4617
vn 0.0334 -0.9239 -0.3812
vn 0.0805 -0.3827 -0.9204
vn 0.0334 0.9239 -0.3812
vn 0.0805 0.3827 -0.9204
vn 0.9537 -0.0000 -0.3007
vn 0.4617 -0.0000 -0.8870
vn 0.3812 -0.9239 0.0334
vn 0.9204 -0.3827 0.0805
vn 0.3812 0.9239 0.0334
vn 0.9204 0.3827 0.0805
vn 0.3007 -0.0000 0.9537
vn 0.8870 -0.0000 0.4617
vn -0.0334 -0.9239 0.3812
vn -0.0805 -0.3827 0.9204
vn -0.0334 0.9239 0.3812
vn -0.0805 0.3827 0.9204
vn -0.0000 -1.0000 -0.0000
vn -0.9962 -0.0000 -0.0872
vn -0.0872 -0.0000 0.9962
vn -0.0000 1.0000 -0.0000
vn 0.0872 -0.0000 -0.9962
vn 0.9962 -0.0000 0.0872
vt 0.144200 0.720000
vt 0.144200 0.750000
vt 0.133115 0.750000
vt 0.125000 0.720000
vt 0.415000 0.980800
vt 0.415000 1.000000
vt 0.391906 1.000000
vt 0.375000 0.980800
vt 0.415000 0.030000
vt 0.375000 0.030000
vt 0.375000 0.012680
vt 0.415000 0.000000
vt 0.585000 0.980800
vt 0.625000 0.980800
vt 0.625000 0.991885
vt 0.585000 1.000000
vt 0.855800 0.720000
vt 0.875000 0.720000
vt 0.875000 0.737321
vt 0.855800 0.750000
vt 0.585000 0.030000
vt 0.585000 0.000000
vt 0.608094 0.000000
vt 0.625000 0.030000
vt 0.144200 0.530000
vt 0.125000 0.530000
vt 0.125000 0.512680
vt 0.144200 0.500000
vt 0.415000 0.220000
vt 0.415000 0.250000
vt 0.383453 0.254057
vt 0.375000 0.220000
vt 0.415000 0.269200
vt 0.375000 0.269200
vt 0.855800 0.530000
vt 0.855800 0.500000
vt 0.866885 0.500000
vt 0.875000 0.530000
vt 0.585000 0.269200
vt 0.585000 0.250000
vt 0.616547 0.243660
vt 0.625000 0.269200
vt 0.585000 0.220000
vt 0.625000 0.220000
vt 0.355800 0.720000
vt 0.375000 0.720000
vt 0.380635 0.748478
vt 0.365400 0.759600
vt 0.415000 0.720000
vt 0.415000 0.750000
vt 0.415000 0.769200
vt 0.644200 0.720000
vt 0.634600 0.759600
vt 0.622070 0.745773
vt 0.625000 0.720000
vt 0.585000 0.769200
vt 0.585000 0.750000
vt 0.585000 0.720000
vt 0.355800 0.530000
vt 0.365400 0.490400
vt 0.377930 0.504227
vt 0.375000 0.530000
vt 0.415000 0.480800
vt 0.415000 0.500000
vt 0.415000 0.530000
vt 0.644200 0.530000
vt 0.625000 0.530000
vt 0.619365 0.501522
vt 0.634600 0.490400
vt 0.585000 0.530000
vt 0.585000 0.500000
vt 0.585000 0.480800
s 0
f 337/433/325 340/434/325 341/435/325 343/436/325
f 338/437/326 342/438/326 341/439/326 340/440/326
f 339/441/327 343/442/327 341/443/327 342/444/327
f 344/445/328 347/446/328 348/447/328 350/448/328
f 345/449/329 349/450/329 348/451/329 347/452/329
f 346/453/330 350/454/330 348/455/330 349/456/330
f 351/457/331 354/458/331 355/459/331 357/460/331
f 352/461/332 356/462/332 355/463/332 354/464/332
f 353/465/333 357/466/333 355/463/333 356/462/333
f 358/467/334 361/468/334 362/469/334 364/470/334
f 359/471/335 363/472/335 362/473/335 361/474/335
f 360/475/336 364/476/336 362/473/336 363/472/336
f 365/477/337 368/478/337 369/479/337 371/480/337
f 366/481/338 370/482/338 369/479/338 368/478/338
f 367/483/339 371/480/339 369/479/339 370/482/339
f 372/484/340 375/485/340 376/486/340 378/487/340
f 373/488/341 377/489/341 376/486/341 375/485/341
f 374/490/342 378/487/342 376/486/342 377/489/342
f 379/491/343 382/492/343 383/493/343 385/494/343
f 380/495/344 384/496/344 383/493/344 382/492/344
f 381/497/345 385/494/345 383/493/345 384/496/345
f 386/498/346 389/499/346 390/500/346 392/501/346
f 387/502/347 391/503/347 390/500/347 389/499/347
f 388/504/348 392/501/348 390/500/348 391/503/348
f 351/457/349 337/433/349 343/436/349 354/458/349
f 354/464/350 343/442/350 339/441/350 352/461/350
f 338/437/351 344/445/351 350/448/351 342/438/351
f 342/444/352 350/454/352 346/453/352 339/441/352
f 345/449/353 358/467/353 364/470/353 349/450/353
f 349/456/354 364/476/354 360/475/354 346/453/354
f 359/471/355 353/465/355 356/462/355 363/472/355
f 363/472/356 356/462/356 352/461/356 360/475/356
f 379/491/357 351/457/357 357/460/357 382/492/357
f 382/492/358 357/466/358 353/465/358 380/495/358
f 358/467/359 386/498/359 392/501/359 361/468/359
f 361/474/360 392/501/360 388/504/360 359/471/360
f 387/502/361 381/497/361 384/496/361 391/503/361
f 391/503/362 384/496/362 380/495/362 388/504/362
f 365/477/363 379/491/363 385/494/363 368/478/363
f 368/478/364 385/494/364 381/497/364 366/481/364
f 386/498/365 372/484/365 378/487/365 389/499/365
f 389/499/366 378/487/366 374/490/366 387/502/366
f 373/488/367 367/483/367 370/482/367 377/489/367
f 377/489/368 370/482/368 366/481/368 374/490/368
f 337/433/369 365/477/369 371/480/369 340/434/369
f 340/440/370 371/480/370 367/483/370 338/437/370
f 372/484/371 345/449/371 347/452/371 375/485/371
f 375/485/372 347/446/372 344/445/372 373/488/372
f 351/457/373 379/491/373 365/477/373 337/433/373
f 339/441/374 346/453/374 360/475/374 352/461/374
f 367/483/375 373/488/375 344/445/375 338/437/375
f 386/498/376 358/467/376 345/449/376 372/484/376
f 353/465/377 359/471/377 388/504/377 380/495/377
f 381/497/378 387/502/378 374/490/378 366/481/378
o GraduatedArc_07
v -0.008585 -1.056004 0.069790
v -0.006911 -1.036804 0.088917
v -0.027712 -1.036804 0.071463
v -0.007401 -1.050381 0.083315
v -0.018662 -1.047890 0.081799
v -0.020926 -1.036804 0.084498
v -0.022110 -1.050381 0.070973
v -0.006911 -0.955204 0.088917
v -0.008585 -0.936004 0.069790
v -0.027712 -0.955204 0.071463
v -0.007401 -0.941628 0.083315
v -0.018662 -0.944119 0.081799
v -0.022110 -0.941628 0.070973
v -0.020926 -0.955204 0.084498
v -0.019183 -1.056004 -0.051348
v -0.038310 -1.036804 -0.049674
v -0.020856 -1.036804 -0.070474
v -0.032708 -1.050381 -0.050164
v -0.031192 -1.047890 -0.061424
v -0.033891 -1.036804 -0.063689
v -0.020366 -1.050381 -0.064872
v -0.019183 -0.936004 -0.051348
v -0.020856 -0.955204 -0.070474
v -0.038310 -0.955204 -0.049674
v -0.020366 -0.941628 -0.064872
v -0.031192 -0.944119 -0.061424
v -0.033891 -0.955204 -0.063689
v -0.032708 -0.941628 -0.050164
v 0.202210 -1.056004 0.051348
v 0.221337 -1.036804 0.049674
v 0.203883 -1.036804 0.070474
v 0.215735 -1.050381 0.050164
v 0.214219 -1.047890 0.061424
v 0.216918 -1.036804 0.063689
v 0.203393 -1.050381 0.064872
v 0.202210 -0.936004 0.051348
v 0.203883 -0.955204 0.070474
v 0.221337 -0.955204 0.049674
v 0.203393 -0.941628 0.064872
v 0.214219 -0.944119 0.061424
v 0.216918 -0.955204 0.063689
v 0.215735 -0.941628 0.050164
v 0.191612 -1.056004 -0.069790
v 0.189938 -1.036804 -0.088917
v 0.210739 -1.036804 -0.071463
v 0.190429 -1.050381 -0.083315
v 0.201689 -1.047890 -0.081799
v 0.203953 -1.036804 -0.084498
v 0.205137 -1.050381 -0.070973
v 0.191612 -0.936004 -0.069790
v 0.210739 -0.955204 -0.071463
v 0.189938 -0.955204 -0.088917
v 0.205137 -0.941628 -0.070973
v 0.201689 -0.944119 -0.081799
v 0.203953 -0.955204 -0.084498
v 0.190429 -0.941628 -0.083315
vn -0.2955 -0.8881 0.3522
vn -0.2464 -0.3251 0.9130
vn -0.8564 -0.3251 0.4012
vn -0.2464 0.3251 0.9130
vn -0.2955 0.8881 0.3522
vn -0.8564 0.3251 0.4012
vn -0.3522 -0.8881 -0.2955
vn -0.9130 -0.3251 -0.2464
vn -0.4012 -0.3251 -0.8564
vn -0.3522 0.8881 -0.2955
vn -0.4012 0.3251 -0.8564
vn -0.9130 0.3251 -0.2464
vn 0.3522 -0.8881 0.2955
vn 0.9130 -0.3251 0.2464
vn 0.4012 -0.3251 0.8564
vn 0.3522 0.8881 0.2955
vn 0.4012 0.3251 0.8564
vn 0.9130 0.3251 0.2464
vn 0.2955 -0.8881 -0.3522
vn 0.2464 -0.3251 -0.9130
vn 0.8564 -0.3251 -0.4012
vn 0.2955 0.8881 -0.3522
vn 0.8564 0.3251 -0.4012
vn 0.2464 0.3251 -0.9130
vn -0.3812 -0.9239 0.0334
vn -0.9204 -0.3827 0.0805
vn -0.3007 -0.0000 0.9537
vn -0.8870 -0.0000 0.4617
vn -0.3812 0.9239 0.0334
vn -0.9204 0.3827 0.0805
vn -0.4617 -0.0000 -0.8870
vn -0.9537 -0.0000 -0.3007
vn -0.0334 -0.9239 -0.3812
vn -0.0805 -0.3827 -0.9204
vn -0.0334 0.9239 -0.3812
vn -0.0805 0.3827 -0.9204
vn 0.8870 -0.0000 -0.4617
vn 0.3007 -0.0000 -0.9537
vn 0.3812 -0.9239 -0.0334
vn 0.9204 -0.3827 -0.0805
vn 0.3812 0.9239 -0.0334
vn 0.9204 0.3827 -0.0805
vn 0.4617 -0.0000 0.8870
vn 0.9537 -0.0000 0.3007
vn 0.0334 -0.9239 0.3812
vn 0.0805 -0.3827 0.9204
vn 0.0334 0.9239 0.3812
vn 0.0805 0.3827 0.9204
vn -0.0000 -1.0000 -0.0000
vn -0.9962 -0.0000 0.0872
vn 0.0872 -0.0000 0.9962
vn -0.0000 1.0000 -0.0000
vn -0.0872 -0.0000 -0.9962
vn 0.9962 -0.0000 -0.0872
vt 0.144200 0.720000
vt 0.144200 0.750000
vt 0.133115 0.750000
vt 0.125000 0.720000
vt 0.415000 0.980800
vt 0.415000 1.000000
vt 0.391906 1.000000
vt 0.375000 0.980800
vt 0.415000 0.030000
vt 0.375000 0.030000
vt 0.375000 0.012679
vt 0.415000 0.000000
vt 0.585000 0.980800
vt 0.625000 0.980800
vt 0.625000 0.991885
vt 0.585000 1.000000
vt 0.855800 0.720000
vt 0.875000 0.720000
vt 0.875000 0.737320
vt 0.855800 0.750000
vt 0.585000 0.030000
vt 0.585000 0.000000
vt 0.608094 0.000000
vt 0.625000 0.030000
vt 0.144200 0.530000
vt 0.125000 0.530000
vt 0.125000 0.512679
vt 0.144200 0.500000
vt 0.415000 0.220000
vt 0.415000 0.250000
vt 0.383453 0.254057
vt 0.375000 0.220000
vt 0.415000 0.269200
vt 0.375000 0.269200
vt 0.855800 0.530000
vt 0.855800 0.500000
vt 0.866885 0.500000
vt 0.875000 0.530000
vt 0.585000 0.269200
vt 0.585000 0.250000
vt 0.616547 0.243660
vt 0.625000 0.269200
vt 0.585000 0.220000
vt 0.625000 0.220000
vt 0.355800 0.720000
vt 0.375000 0.720000
vt 0.380635 0.748478
vt 0.365400 0.759600
vt 0.415000 0.720000
vt 0.415000 0.750000
vt 0.415000 0.769200
vt 0.644200 0.720000
vt 0.634600 0.759600
vt 0.622070 0.745773
vt 0.625000 0.720000
vt 0.585000 0.769200
vt 0.585000 0.750000
vt 0.585000 0.720000
vt 0.355800 0.530000
vt 0.365400 0.490400
vt 0.377930 0.504226
vt 0.375000 0.530000
vt 0.415000 0.480800
vt 0.415000 0.500000
vt 0.415000 0.530000
vt 0.644200 0.530000
vt 0.625000 0.530000
vt 0.619365 0.501522
vt 0.634600 0.490400
vt 0.585000 0.530000
vt 0.585000 0.500000
vt 0.585000 0.480800
s 0
f 393/505/379 396/506/379 397/507/379 399/508/379
f 394/509/380 398/510/380 397/511/380 396/512/380
f 395/513/381 399/514/381 397/515/381 398/516/381
f 400/517/382 403/518/382 404/519/382 406/520/382
f 401/521/383 405/522/383 404/523/383 403/524/383
f 402/525/384 406/526/384 404/527/384 405/528/384
f 407/529/385 410/530/385 411/531/385 413/532/385
f 408/533/386 412/534/386 411/535/386 410/536/386
f 409/537/387 413/538/387 411/535/387 412/534/387
f 414/539/388 417/540/388 418/541/388 420/542/388
f 415/543/389 419/544/389 418/545/389 417/546/389
f 416/547/390 420/548/390 418/545/390 419/544/390
f 421/549/391 424/550/391 425/551/391 427/552/391
f 422/553/392 426/554/392 425/551/392 424/550/392
f 423/555/393 427/552/393 425/551/393 426/554/393
f 428/556/394 431/557/394 432/558/394 434/559/394
f 429/560/395 433/561/395 432/558/395 431/557/395
f 430/562/396 434/559/396 432/558/396 433/561/396
f 435/563/397 438/564/397 439/565/397 441/566/397
f 436/567/398 440/568/398 439/565/398 438/564/398
f 437/569/399 441/566/399 439/565/399 440/568/399
f 442/570/400 445/571/400 446/572/400 448/573/400
f 443/574/401 447/575/401 446/572/401 445/571/401
f 444/576/402 448/573/402 446/572/402 447/575/402
f 407/529/403 393/505/403 399/508/403 410/530/403
f 410/536/404 399/514/404 395/513/404 408/533/404
f 394/509/405 400/517/405 406/520/405 398/510/405
f 398/516/406 406/526/406 402/525/406 395/513/406
f 401/521/407 414/539/407 420/542/407 405/522/407
f 405/528/408 420/548/408 416/547/408 402/525/408
f 415/543/409 409/537/409 412/534/409 419/544/409
f 419/544/410 412/534/410 408/533/410 416/547/410
f 435/563/411 407/529/411 413/532/411 438/564/411
f 438/564/412 413/538/412 409/537/412 436/567/412
f 414/539/413 442/570/413 448/573/413 417/540/413
f 417/546/414 448/573/414 444/576/414 415/543/414
f 443/574/415 437/569/415 440/568/415 447/575/415
f 447/575/416 440/568/416 436/567/416 444/576/416
f 421/549/417 435/563/417 441/566/417 424/550/417
f 424/550/418 441/566/418 437/569/418 422/553/418
f 442/570/419 428/556/419 434/559/419 445/571/419
f 445/571/420 434/559/420 430/562/420 443/574/420
f 429/560/421 423/555/421 426/554/421 433/561/421
f 433/561/422 426/554/422 422/553/422 430/562/422
f 393/505/423 421/549/423 427/552/423 396/506/423
f 396/512/424 427/552/424 423/555/424 394/509/424
f 428/556/425 401/521/425 403/524/425 431/557/425
f 431/557/426 403/518/426 400/517/426 429/560/426
f 407/529/427 435/563/427 421/549/427 393/505/427
f 395/513/428 402/525/428 416/547/428 408/533/428
f 423/555/429 429/560/429 400/517/429 394/509/429
f 442/570/430 414/539/430 401/521/430 428/556/430
f 409/537/431 415/543/431 444/576/431 436/567/431
f 437/569/432 443/574/432 430/562/432 422/553/432
o GraduatedArc_08
v 0.185301 -1.024222 0.086111
v 0.190271 -1.005022 0.104657
v 0.166755 -1.005022 0.091081
v 0.188815 -1.018599 0.099225
v 0.177463 -1.016107 0.099688
v 0.175701 -1.005022 0.102739
v 0.172187 -1.018599 0.089625
v 0.190271 -0.923422 0.104657
v 0.185301 -0.904222 0.086111
v 0.166755 -0.923422 0.091081
v 0.188815 -0.909846 0.099225
v 0.177463 -0.912337 0.099688
v 0.172187 -0.909846 0.089625
v 0.175701 -0.923422 0.102739
v 0.153829 -1.024222 -0.031345
v 0.135283 -1.005022 -0.026376
v 0.148860 -1.005022 -0.049891
v 0.140715 -1.018599 -0.027831
v 0.140252 -1.016107 -0.039184
v 0.137201 -1.005022 -0.040945
v 0.150315 -1.018599 -0.044459
v 0.153829 -0.904222 -0.031345
v 0.148860 -0.923422 -0.049891
v 0.135283 -0.923422 -0.026376
v 0.150315 -0.909846 -0.044459
v 0.140252 -0.912337 -0.039184
v 0.137201 -0.923422 -0.040945
v 0.140715 -0.909846 -0.027831
v 0.389691 -1.024222 0.031345
v 0.408237 -1.005022 0.026376
v 0.394660 -1.005022 0.049891
v 0.402805 -1.018599 0.027831
v 0.403268 -1.016107 0.039184
v 0.406319 -1.005022 0.040945
v 0.393205 -1.018599 0.044459
v 0.389691 -0.904222 0.031345
v 0.394660 -0.923422 0.049891
v 0.408237 -0.923422 0.026376
v 0.393205 -0.909846 0.044459
v 0.403268 -0.912337 0.039184
v 0.406319 -0.923422 0.040945
v 0.402805 -0.909846 0.027831
v 0.358219 -1.024222 -0.086111
v 0.353249 -1.005022 -0.104657
v 0.376765 -1.005022 -0.091081
v 0.354705 -1.018599 -0.099225
v 0.366057 -1.016107 -0.099688
v 0.367819 -1.005022 -0.102739
v 0.371333 -1.018599 -0.089625
v 0.358219 -0.904222 -0.086111
v 0.376765 -0.923422 -0.091081
v 0.353249 -0.923422 -0.104657
v 0.371333 -0.909846 -0.089625
v 0.366057 -0.912337 -0.099688
v 0.367819 -0.923422 -0.102739
v 0.354705 -0.909846 -0.099225
vn -0.2299 -0.8881 0.3981
vn -0.0841 -0.3251 0.9419
vn -0.7737 -0.3251 0.5438
vn -0.0841 0.3251 0.9419
vn -0.2299 0.8881 0.3981
vn -0.7737 0.3251 0.5438
vn -0.3981 -0.8881 -0.2299
vn -0.9419 -0.3251 -0.0841
vn -0.5438 -0.3251 -0.7737
vn -0.3981 0.8881 -0.2299
vn -0.5438 0.3251 -0.7737
vn -0.9419 0.3251 -0.0841
vn 0.3981 -0.8881 0.2299
vn 0.9419 -0.3251 0.0841
vn 0.5438 -0.3251 0.7737
vn 0.3981 0.8881 0.2299
vn 0.5438 0.3251 0.7737
vn 0.9419 0.3251 0.0841
vn 0.2299 -0.8881 -0.3981
vn 0.0841 -0.3251 -0.9419
vn 0.7737 -0.3251 -0.5438
vn 0.2299 0.8881 -0.3981
vn 0.7737 0.3251 -0.5438
vn 0.0841 0.3251 -0.9419
vn -0.3696 -0.9239 0.0990
vn -0.8924 -0.3827 0.2391
vn -0.1305 -0.0000 0.9914
vn -0.7934 -0.0000 0.6088
vn -0.3696 0.9239 0.0990
vn -0.8924 0.3827 0.2391
vn -0.6088 -0.0000 -0.7934
vn -0.9914 -0.0000 -0.1305
vn -0.0990 -0.9239 -0.3696
vn -0.2391 -0.3827 -0.8924
vn -0.0990 0.9239 -0.3696
vn -0.2391 0.3827 -0.8924
vn 0.7934 -0.0000 -0.6088
vn 0.1305 -0.0000 -0.9914
vn 0.3696 -0.9239 -0.0990
vn 0.8924 -0.3827 -0.2391
vn 0.3696 0.9239 -0.0990
vn 0.8924 0.3827 -0.2391
vn 0.6088 -0.0000 0.7934
vn 0.9914 -0.0000 0.1305
vn 0.0990 -0.9239 0.3696
vn 0.2391 -0.3827 0.8924
vn 0.0990 0.9239 0.3696
vn 0.2391 0.3827 0.8924
vn -0.0000 -1.0000 -0.0000
vn -0.9659 -0.0000 0.2588
vn 0.2588 -0.0000 0.9659
vn -0.0000 1.0000 -0.0000
vn -0.2588 -0.0000 -0.9659
vn 0.9659 -0.0000 -0.2588
vt 0.144200 0.720000
vt 0.144200 0.750000
vt 0.133115 0.750000
vt 0.125000 0.720000
vt 0.415000 0.980800
vt 0.415000 1.000000
vt 0.391906 1.000000
vt 0.375000 0.980800
vt 0.415000 0.030000
vt 0.375000 0.030000
vt 0.375000 0.012680
vt 0.415000 0.000000
vt 0.585000 0.980800
vt 0.625000 0.980800
vt 0.625000 0.991885
vt 0.585000 1.000000
vt 0.855800 0.720000
vt 0.875000 0.720000
vt 0.875000 0.737321
vt 0.855800 0.750000
vt 0.585000 0.030000
vt 0.585000 0.000000
vt 0.608094 0.000000
vt 0.625000 0.030000
vt 0.144200 0.530000
vt 0.125000 0.530000
vt 0.125000 0.512680
vt 0.144200 0.500000
vt 0.415000 0.220000
vt 0.415000 0.250000
vt 0.383453 0.254057
vt 0.375000 0.220000
vt 0.415000 0.269200
vt 0.375000 0.269200
vt 0.855800 0.530000
vt 0.855800 0.500000
vt 0.866885 0.500000
vt 0.875000 0.530000
vt 0.585000 0.269200
vt 0.585000 0.250000
vt 0.616547 0.243660
vt 0.625000 0.269200
vt 0.585000 0.220000
vt 0.625000 0.220000
vt 0.355800 0.720000
vt 0.375000 0.720000
vt 0.380635 0.748478
vt 0.365400 0.759600
vt 0.415000 0.720000
vt 0.415000 0.750000
vt 0.415000 0.769200
vt 0.644200 0.720000
vt 0.634600 0.759600
vt 0.622070 0.745773
vt 0.625000 0.720000
vt 0.585000 0.769200
vt 0.585000 0.750000
vt 0.585000 0.720000
vt 0.355800 0.530000
vt 0.365400 0.490400
vt 0.377930 0.504227
vt 0.375000 0.530000
vt 0.415000 0.480800
vt 0.415000 0.500000
vt 0.415000 0.530000
vt 0.644200 0.530000
vt 0.625000 0.530000
vt 0.619365 0.501522
vt 0.634600 0.490400
vt 0.585000 0.530000
vt 0.585000 0.500000
vt 0.585000 0.480800
s 0
f 449/577/433 452/578/433 453/579/433 455/580/433
f 450/581/434 454/582/434 453/583/434 452/584/434
f 451/585/435 455/586/435 453/587/435 454/588/435
f 456/589/436 459/590/436 460/591/436 462/592/436
f 457/593/437 461/594/437 460/595/437 459/596/437
f 458/597/438 462/598/438 460/599/438 461/600/438
f 463/601/439 466/602/439 467/603/439 469/604/439
f 464/605/440 468/606/440 467/607/440 466/608/440
f 465/609/441 469/610/441 467/607/441 468/606/441
f 470/611/442 473/612/442 474/613/442 476/614/442
f 471/615/443 475/616/443 474/617/443 473/618/443
f 472/619/444 476/620/444 474/617/444 475/616/444
f 477/621/445 480/622/445 481/623/445 483/624/445
f 478/625/446 482/626/446 481/623/446 480/622/446
f 479/627/447 483/624/447 481/623/447 482/626/447
f 484/628/448 487/629/448 488/630/448 490/631/448
f 485/632/449 489/633/449 488/630/449 487/629/449
f 486/634/450 490/631/450 488/630/450 489/633/450
f 491/635/451 494/636/451 495/637/451 497/638/451
f 492/639/452 496/640/452 495/637/452 494/636/452
f 493/641/453 497/638/453 495/637/453 496/640/453
f 498/642/454 501/643/454 502/644/454 504/645/454
f 499/646/455 503/647/455 502/644/455 501/643/455
f 500/648/456 504/645/456 502/644/456 503/647/456
f 463/601/457 449/577/457 455/580/457 466/602/457
f 466/608/458 455/586/458 451/585/458 464/605/458
f 450/581/459 456/589/459 462/592/459 454/582/459
f 454/588/460 462/598/460 458/597/460 451/585/460
f 457/593/461 470/611/461 476/614/461 461/594/461
f 461/600/462 476/620/462 472/619/462 458/597/462
f 471/615/463 465/609/463 468/606/463 475/616/463
f 475/616/464 468/606/464 464/605/464 472/619/464
f 491/635/465 463/601/465 469/604/465 494/636/465
f 494/636/466 469/610/466 465/609/466 492/639/466
f 470/611/467 498/642/467 504/645/467 473/612/467
f 473/618/468 504/645/468 500/648/468 471/615/468
f 499/646/469 493/641/469 496/640/469 503/647/469
f 503/647/470 496/640/470 492/639/470 500/648/470
f 477/621/471 491/635/471 497/638/471 480/622/471
f 480/622/472 497/638/472 493/641/472 478/625/472
f 498/642/473 484/628/473 490/631/473 501/643/473
f 501/643/474 490/631/474 486/634/474 499/646/474
f 485/632/475 479/627/475 482/626/475 489/633/475
f 489/633/476 482/626/476 478/625/476 486/634/476
f 449/577/477 477/621/477 483/624/477 452/578/477
f 452/584/478 483/624/478 479/627/478 450/581/478
f 484/628/479 457/593/479 459/596/479 487/629/479
f 487/629/480 459/590/480 456/589/480 485/632/480
f 463/601/481 491/635/481 477/621/481 449/577/481
f 451/585/482 458/597/482 472/619/482 464/605/482
f 479/627/483 485/632/483 456/589/483 450/581/483
f 498/642/484 470/611/484 457/593/484 484/628/484
f 465/609/485 471/615/485 500/648/485 492/639/485
f 493/641/486 499/646/486 486/634/486 478/625/486
o GraduatedArc_09
v 0.373557 -0.961623 0.099817
v 0.381671 -0.942423 0.117218
v 0.356156 -0.942423 0.107931
v 0.379295 -0.956000 0.112121
v 0.368195 -0.953508 0.114548
v 0.366990 -0.942423 0.117859
v 0.361253 -0.956000 0.105554
v 0.381671 -0.860823 0.117218
v 0.373557 -0.841623 0.099817
v 0.356156 -0.860823 0.107931
v 0.379295 -0.847247 0.112121
v 0.368195 -0.849738 0.114548
v 0.361253 -0.847247 0.105554
v 0.366990 -0.860823 0.117859
v 0.322167 -0.961623 -0.010390
v 0.304766 -0.942423 -0.002276
v 0.314052 -0.942423 -0.027792
v 0.309862 -0.956000 -0.004653
v 0.307435 -0.953508 -0.015752
v 0.304125 -0.942423 -0.016957
v 0.316429 -0.956000 -0.022695
v 0.322167 -0.841623 -0.010390
v 0.314052 -0.860823 -0.027792
v 0.304766 -0.860823 -0.002276
v 0.316429 -0.847247 -0.022695
v 0.307435 -0.849738 -0.015752
v 0.304125 -0.860823 -0.016957
v 0.309862 -0.847247 -0.004653
v 0.565332 -0.961623 0.010390
v 0.582733 -0.942423 0.002276
v 0.573446 -0.942423 0.027792
v 0.577636 -0.956000 0.004653
v 0.580063 -0.953508 0.015752
v 0.583374 -0.942423 0.016957
v 0.571069 -0.956000 0.022695
v 0.565332 -0.841623 0.010390
v 0.573446 -0.860823 0.027792
v 0.582733 -0.860823 0.002276
v 0.571069 -0.847247 0.022695
v 0.580063 -0.849738 0.015752
v 0.583374 -0.860823 0.016957
v 0.577636 -0.847247 0.004653
v 0.513941 -0.961623 -0.099817
v 0.505827 -0.942423 -0.117218
v 0.531342 -0.942423 -0.107931
v 0.508204 -0.956000 -0.112121
v 0.519303 -0.953508 -0.114548
v 0.520508 -0.942423 -0.117859
v 0.526246 -0.956000 -0.105554
v 0.513941 -0.841623 -0.099817
v 0.531342 -0.860823 -0.107931
v 0.505827 -0.860823 -0.117218
v 0.526246 -0.847247 -0.105554
v 0.519303 -0.849738 -0.114548
v 0.520508 -0.860823 -0.117859
v 0.508204 -0.847247 -0.112121
vn -0.1572 -0.8881 0.4320
vn 0.0807 -0.3251 0.9422
vn -0.6675 -0.3251 0.6699
vn 0.0807 0.3251 0.9422
vn -0.1572 0.8881 0.4320
vn -0.6675 0.3251 0.6699
vn -0.4320 -0.8881 -0.1572
vn -0.9422 -0.3251 0.0807
vn -0.6699 -0.3251 -0.6675
vn -0.4320 0.8881 -0.1572
vn -0.6699 0.3251 -0.6675
vn -0.9422 0.3251 0.0807
vn 0.4320 -0.8881 0.1572
vn 0.9422 -0.3251 -0.0807
vn 0.6699 -0.3251 0.6675
vn 0.4320 0.8881 0.1572
vn 0.6699 0.3251 0.6675
vn 0.9422 0.3251 -0.0807
vn 0.1572 -0.8881 -0.4320
vn -0.0807 -0.3251 -0.9422
vn 0.6675 -0.3251 -0.6699
vn 0.1572 0.8881 -0.4320
vn 0.6675 0.3251 -0.6699
vn -0.0807 0.3251 -0.9422
vn -0.3468 -0.9239 0.1617
vn -0.8373 -0.3827 0.3904
vn 0.0436 -0.0000 0.9990
vn -0.6756 -0.0000 0.7373
vn -0.3468 0.9239 0.1617
vn -0.8373 0.3827 0.3904
vn -0.7373 -0.0000 -0.6756
vn -0.9990 -0.0000 0.0436
vn -0.1617 -0.9239 -0.3468
vn -0.3904 -0.3827 -0.8373
vn -0.1617 0.9239 -0.3468
vn -0.3904 0.3827 -0.8373
vn 0.6756 -0.0000 -0.7373
vn -0.0436 -0.0000 -0.9990
vn 0.3468 -0.9239 -0.1617
vn 0.8373 -0.3827 -0.3904
vn 0.3468 0.9239 -0.1617
vn 0.8373 0.3827 -0.3904
vn 0.7373 -0.0000 0.6756
vn 0.9990 -0.0000 -0.0436
vn 0.1617 -0.9239 0.3468
vn 0.3904 -0.3827 0.8373
vn 0.1617 0.9239 0.3468
vn 0.3904 0.3827 0.8373
vn -0.0000 -1.0000 -0.0000
vn -0.9063 -0.0000 0.4226
vn 0.4226 -0.0000 0.9063
vn -0.0000 1.0000 -0.0000
vn -0.4226 -0.0000 -0.9063
vn 0.9063 -0.0000 -0.4226
vt 0.144200 0.720000
vt 0.144200 0.750000
vt 0.133115 0.750000
vt 0.125000 0.720000
vt 0.415000 0.980800
vt 0.415000 1.000000
vt 0.391906 1.000000
vt 0.375000 0.980800
vt 0.415000 0.030000
vt 0.375000 0.030000
vt 0.375000 0.012680
vt 0.415000 0.000000
vt 0.585000 0.980800
vt 0.625000 0.980800
vt 0.625000 0.991885
vt 0.585000 1.000000
vt 0.855800 0.720000
vt 0.875000 0.720000
vt 0.875000 0.737321
vt 0.855800 0.750000
vt 0.585000 0.030000
vt 0.585000 0.000000
vt 0.608094 0.000000
vt 0.625000 0.030000
vt 0.144200 0.530000
vt 0.125000 0.530000
vt 0.125000 0.512680
vt 0.144200 0.500000
vt 0.415000 0.220000
vt 0.415000 0.250000
vt 0.383453 0.254057
vt 0.375000 0.220000
vt 0.415000 0.269200
vt 0.375000 0.269200
vt 0.855800 0.530000
vt 0.855800 0.500000
vt 0.866885 0.500000
vt 0.875000 0.530000
vt 0.585000 0.269200
vt 0.585000 0.250000
vt 0.616547 0.243660
vt 0.625000 0.269200
vt 0.585000 0.220000
vt 0.625000 0.220000
vt 0.355800 0.720000
vt 0.375000 0.720000
vt 0.380635 0.748479
vt 0.365400 0.759600
vt 0.415000 0.720000
vt 0.415000 0.750000
vt 0.415000 0.769200
vt 0.644200 0.720000
vt 0.634600 0.759600
vt 0.622070 0.745774
vt 0.625000 0.720000
vt 0.585000 0.769200
vt 0.585000 0.750000
vt 0.585000 0.720000
vt 0.355800 0.530000
vt 0.365400 0.490400
vt 0.377930 0.504226
vt 0.375000 0.530000
vt 0.415000 0.480800
vt 0.415000 0.500000
vt 0.415000 0.530000
vt 0.644200 0.530000
vt 0.625000 0.530000
vt 0.619365 0.501522
vt 0.634600 0.490400
vt 0.585000 0.530000
vt 0.585000 0.500000
vt 0.585000 0.480800
s 0
f 505/649/487 508/650/487 509/651/487 511/652/487
f 506/653/488 510/654/488 509/655/488 508/656/488
f 507/657/489 511/658/489 509/659/489 510/660/489
f 512/661/490 515/662/490 516/663/490 518/664/490
f 513/665/491 517/666/491 516/667/491 515/668/491
f 514/669/492 518/670/492 516/671/492 517/672/492
f 519/673/493 522/674/493 523/675/493 525/676/493
f 520/677/494 524/678/494 523/679/494 522/680/494
f 521/681/495 525/682/495 523/679/495 524/678/495
f 526/683/496 529/684/496 530/685/496 532/686/496
f 527/687/497 531/688/497 530/689/497 529/690/497
f 528/691/498 532/692/498 530/689/498 531/688/498
f 533/693/499 536/694/499 537/695/499 539/696/499
f 534/697/500 538/698/500 537/695/500 536/694/500
f 535/699/501 539/696/501 537/695/501 538/698/501
f 540/700/502 543/701/502 544/702/502 546/703/502
f 541/704/503 545/705/503 544/702/503 543/701/503
f 542/706/504 546/703/504 544/702/504 545/705/504
f 547/707/505 550/708/505 551/709/505 553/710/505
f 548/711/506 552/712/506 551/709/506 550/708/506
f 549/713/507 553/710/507 551/709/507 552/712/507
f 554/714/508 557/715/508 558/716/508 560/717/508
f 555/718/509 559/719/509 558/716/509 557/715/509
f 556/720/510 560/717/510 558/716/510 559/719/510
f 519/673/511 505/649/511 511/652/511 522/674/511
f 522/680/512 511/658/512 507/657/512 520/677/512
f 506/653/513 512/661/513 518/664/513 510/654/513
f 510/660/514 518/670/514 514/669/514 507/657/514
f 513/665/515 526/683/515 532/686/515 517/666/515
f 517/672/516 532/692/516 528/691/516 514/669/516
f 527/687/517 521/681/517 524/678/517 531/688/517
f 531/688/518 524/678/518 520/677/518 528/691/518
f 547/707/519 519/673/519 525/676/519 550/708/519
f 550/708/520 525/682/520 521/681/520 548/711/520
f 526/683/521 554/714/521 560/717/521 529/684/521
f 529/690/522 560/717/522 556/720/522 527/687/522
f 555/718/523 549/713/523 552/712/523 559/719/523
f 559/719/524 552/712/524 548/711/524 556/720/524
f 533/693/525 547/707/525 553/710/525 536/694/525
f 536/694/526 553/710/526 549/713/526 534/697/526
f 554/714/527 540/700/527 546/703/527 557/715/527
f 557/715/528 546/703/528 542/706/528 555/718/528
f 541/704/529 535/699/529 538/698/529 545/705/529
f 545/705/530 538/698/530 534/697/530 542/706/530
f 505/649/531 533/693/531 539/696/531 508/650/531
f 508/656/532 539/696/532 535/699/532 506/653/532
f 540/700/533 513/665/533 515/668/533 543/701/533
f 543/701/534 515/662/534 512/661/534 541/704/534
f 519/673/535 547/707/535 533/693/535 505/649/535
f 507/657/536 514/669/536 528/691/536 520/677/536
f 535/699/537 541/704/537 512/661/537 506/653/537
f 554/714/538 526/683/538 513/665/538 540/700/538
f 521/681/539 527/687/539 556/720/539 548/711/539
f 549/713/540 555/718/540 542/706/540 534/697/540
o GraduatedArc_10
v 0.550462 -0.870110 0.110489
v 0.561475 -0.850910 0.126217
v 0.534735 -0.850910 0.121501
v 0.558250 -0.864486 0.121610
v 0.547740 -0.861995 0.125927
v 0.547128 -0.850910 0.129397
v 0.539341 -0.864486 0.118276
v 0.561475 -0.769310 0.126217
v 0.550462 -0.750110 0.110489
v 0.534735 -0.769310 0.121501
v 0.558250 -0.755733 0.121610
v 0.547740 -0.758225 0.125927
v 0.539341 -0.755733 0.118276
v 0.547128 -0.769310 0.129397
v 0.480716 -0.870110 0.010880
v 0.464988 -0.850910 0.021893
v 0.469703 -0.850910 -0.004848
v 0.469594 -0.864486 0.018667
v 0.465277 -0.861995 0.008158
v 0.461807 -0.850910 0.007546
v 0.472928 -0.864486 -0.000241
v 0.480716 -0.750110 0.010880
v 0.469703 -0.769310 -0.004848
v 0.464988 -0.769310 0.021893
v 0.472928 -0.755733 -0.000241
v 0.465277 -0.758225 0.008158
v 0.461807 -0.769310 0.007546
v 0.469594 -0.755733 0.018667
v 0.723795 -0.870110 -0.010880
v 0.739523 -0.850910 -0.021893
v 0.734808 -0.850910 0.004848
v 0.734916 -0.864486 -0.018667
v 0.739234 -0.861995 -0.008158
v 0.742703 -0.850910 -0.007546
v 0.731582 -0.864486 0.000241
v 0.723795 -0.750110 -0.010880
v 0.734808 -0.769310 0.004848
v 0.739523 -0.769310 -0.021893
v 0.731582 -0.755733 0.000241
v 0.739234 -0.758225 -0.008158
v 0.742703 -0.769310 -0.007546
v 0.734916 -0.755733 -0.018667
v 0.654048 -0.870110 -0.110489
v 0.643035 -0.850910 -0.126217
v 0.669776 -0.850910 -0.121501
v 0.646261 -0.864486 -0.121610
v 0.656770 -0.861995 -0.125927
v 0.657382 -0.850910 -0.129397
v 0.665169 -0.864486 -0.118276
v 0.654048 -0.750110 -0.110489
v 0.669776 -0.769310 -0.121501
v 0.643035 -0.769310 -0.126217
v 0.665169 -0.755733 -0.118276
v 0.656770 -0.758225 -0.125927
v 0.657382 -0.769310 -0.129397
v 0.646261 -0.755733 -0.121610
vn -0.0798 -0.8881 0.4527
vn 0.2431 -0.3251 0.9139
vn -0.5410 -0.3251 0.7756
vn 0.2431 0.3251 0.9139
vn -0.0798 0.8881 0.4527
vn -0.5410 0.3251 0.7757
vn -0.4527 -0.8881 -0.0798
vn -0.9139 -0.3251 0.2431
vn -0.7756 -0.3251 -0.5410
vn -0.4527 0.8881 -0.0798
vn -0.7756 0.3251 -0.5410
vn -0.9139 0.3251 0.2431
vn 0.4527 -0.8881 0.0798
vn 0.9139 -0.3251 -0.2431
vn 0.7756 -0.3251 0.5410
vn 0.4527 0.8881 0.0798
vn 0.7756 0.3251 0.5410
vn 0.9139 0.3251 -0.2431
vn 0.0798 -0.8881 -0.4527
vn -0.2431 -0.3251 -0.9139
vn 0.5410 -0.3251 -0.7757
vn 0.0798 0.8881 -0.4527
vn 0.5410 0.3251 -0.7757
vn -0.2431 0.3251 -0.9139
vn -0.3135 -0.9239 0.2195
vn -0.7568 -0.3827 0.5299
vn 0.2164 -0.0000 0.9763
vn -0.5373 -0.0000 0.8434
vn -0.3135 0.9239 0.2195
vn -0.7568 0.3827 0.5299
vn -0.8434 -0.0000 -0.5373
vn -0.9763 -0.0000 0.2164
vn -0.2195 -0.9239 -0.3135
vn -0.5299 -0.3827 -0.7568
vn -0.2195 0.9239 -0.3135
vn -0.5299 0.3827 -0.7568
vn 0.5373 -0.0000 -0.8434
vn -0.2164 -0.0000 -0.9763
vn 0.3135 -0.9239 -0.2195
vn 0.7568 -0.3827 -0.5299
vn 0.3135 0.9239 -0.2195
vn 0.7568 0.3827 -0.5299
vn 0.8434 -0.0000 0.5373
vn 0.9763 -0.0000 -0.2164
vn 0.2195 -0.9239 0.3135
vn 0.5299 -0.3827 0.7568
vn 0.2195 0.9239 0.3135
vn 0.5299 0.3827 0.7568
vn -0.0000 -1.0000 -0.0000
vn -0.8192 -0.0000 0.5736
vn 0.5736 -0.0000 0.8192
vn -0.0000 1.0000 -0.0000
vn -0.5736 -0.0000 -0.8192
vn 0.8192 -0.0000 -0.5736
vt 0.144200 0.720000
vt 0.144200 0.750000
vt 0.133115 0.750000
vt 0.125000 0.720000
vt 0.415000 0.980800
vt 0.415000 1.000000
vt 0.391906 1.000000
vt 0.375000 0.980800
vt 0.415000 0.030000
vt 0.375000 0.030000
vt 0.375000 0.012680
vt 0.415000 0.000000
vt 0.585000 0.980800
vt 0.625000 0.980800
vt 0.625000 0.991885
vt 0.585000 1.000000
vt 0.855800 0.720000
vt 0.875000 0.720000
vt 0.875000 0.737321
vt 0.855800 0.750000
vt 0.585000 0.030000
vt 0.585000 0.000000
vt 0.608094 0.000000
vt 0.625000 0.030000
vt 0.144200 0.530000
vt 0.125000 0.530000
vt 0.125000 0.512680
vt 0.144200 0.500000
vt 0.415000 0.220000
vt 0.415000 0.250000
vt 0.383453 0.254057
vt 0.375000 0.220000
vt 0.415000 0.269200
vt 0.375000 0.269200
vt 0.855800 0.530000
vt 0.855800 0.500000
vt 0.866885 0.500000
vt 0.875000 0.530000
vt 0.585000 0.269200
vt 0.585000 0.250000
vt 0.616547 0.243660
vt 0.625000 0.269200
vt 0.585000 0.220000
vt 0.625000 0.220000
vt 0.355800 0.720000
vt 0.375000 0.720000
vt 0.380635 0.748478
vt 0.365400 0.759600
vt 0.415000 0.720000
vt 0.415000 0.750000
vt 0.415000 0.769200
vt 0.644200 0.720000
vt 0.634600 0.759600
vt 0.622070 0.745773
vt 0.625000 0.720000
vt 0.585000 0.769200
vt 0.585000 0.750000
vt 0.585000 0.720000
vt 0.355800 0.530000
vt 0.365400 0.490400
vt 0.377930 0.504227
vt 0.375000 0.530000
vt 0.415000 0.480800
vt 0.415000 0.500000
vt 0.415000 0.530000
vt 0.644200 0.530000
vt 0.625000 0.530000
vt 0.619365 0.501522
vt 0.634600 0.490400
vt 0.585000 0.530000
vt 0.585000 0.500000
vt 0.585000 0.480800
s 0
f 561/721/541 564/722/541 565/723/541 567/724/541
f 562/725/542 566/726/542 565/727/542 564/728/542
f 563/729/543 567/730/543 565/731/543 566/732/543
f 568/733/544 571/734/544 572/735/544 574/736/544
f 569/737/545 573/738/545 572/739/545 571/740/545
f 570/741/546 574/742/546 572/743/546 573/744/546
f 575/745/547 578/746/547 579/747/547 581/748/547
f 576/749/548 580/750/548 579/751/548 578/752/548
f 577/753/549 581/754/549 579/751/549 580/750/549
f 582/755/550 585/756/550 586/757/550 588/758/550
f 583/759/551 587/760/551 586/761/551 585/762/551
f 584/763/552 588/764/552 586/761/552 587/760/552
f 589/765/553 592/766/553 593/767/553 595/768/553
f 590/769/554 594/770/554 593/767/554 592/766/554
f 591/771/555 595/768/555 593/767/555 594/770/555
f 596/772/556 599/773/556 600/774/556 602/775/556
f 597/776/557 601/777/557 600/774/557 599/773/557
f 598/778/558 602/775/558 600/774/558 601/777/558
f 603/779/559 606/780/559 607/781/559 609/782/559
f 604/783/560 608/784/560 607/781/560 606/780/560
f 605/785/561 609/782/561 607/781/561 608/784/561
f 610/786/562 613/787/562 614/788/562 616/789/562
f 611/790/563 615/791/563 614/788/563 613/787/563
f 612/792/564 616/789/564 614/788/564 615/791/564
f 575/745/565 561/721/565 567/724/565 578/746/565
f 578/752/566 567/730/566 563/729/566 576/749/566
f 562/725/567 568/733/567 574/736/567 566/726/567
f 566/732/568 574/742/568 570/741/568 563/729/568
f 569/737/569 582/755/569 588/758/569 573/738/569
f 573/744/570 588/764/570 584/763/570 570/741/570
f 583/759/571 577/753/571 580/750/571 587/760/571
f 587/760/572 580/750/572 576/749/572 584/763/572
f 603/779/573 575/745/573 581/748/573 606/780/573
f 606/780/574 581/754/574 577/753/574 604/783/574
f 582/755/575 610/786/575 616/789/575 585/756/575
f 585/762/576 616/789/576 612/792/576 583/759/576
f 611/790/577 605/785/577 608/784/577 615/791/577
f 615/791/578 608/784/578 604/783/578 612/792/578
f 589/765/579 603/779/579 609/782/579 592/766/579
f 592/766/580 609/782/580 605/785/580 590/769/580
f 610/786/581 596/772/581 602/775/581 613/787/581
f 613/787/582 602/775/582 598/778/582 611/790/582
f 597/776/583 591/771/583 594/770/583 601/777/583
f 601/777/584 594/770/584 590/769/584 598/778/584
f 561/721/585 589/765/585 595/768/585 564/722/585
f 564/728/586 595/768/586 591/771/586 562/725/586
f 596/772/587 569/737/587 571/740/587 599/773/587
f 599/773/588 571/734/588 568/733/588 597/776/588
f 575/745/589 603/779/589 589/765/589 561/721/589
f 563/729/590 570/741/590 584/763/590 576/749/590
f 591/771/591 597/776/591 568/733/591 562/725/591
f 610/786/592 582/755/592 569/737/592 596/772/592
f 577/753/593 583/759/593 612/792/593 604/783/593
f 605/785/594 611/790/594 598/778/594 590/769/594
o GraduatedArc_11
v 0.710642 -0.752462 0.117804
v 0.724219 -0.733262 0.131380
v 0.697066 -0.733262 0.131380
v 0.720242 -0.746839 0.127404
v 0.710642 -0.744347 0.133481
v 0.710642 -0.733262 0.137004
v 0.701042 -0.746839 0.127404
v 0.724219 -0.651662 0.131380
v 0.710642 -0.632462 0.117804
v 0.697066 -0.651662 0.131380
v 0.720242 -0.638086 0.127404
v 0.710642 -0.640577 0.133481
v 0.701042 -0.638086 0.127404
v 0.710642 -0.651662 0.137004
v 0.624658 -0.752462 0.031820
v 0.611082 -0.733262 0.045396
v 0.611082 -0.733262 0.018243
v 0.615058 -0.746839 0.041420
v 0.608981 -0.744347 0.031820
v 0.605458 -0.733262 0.031820
v 0.615058 -0.746839 0.022220
v 0.624658 -0.632462 0.031820
v 0.611082 -0.651662 0.018243
v 0.611082 -0.651662 0.045396
v 0.615058 -0.638086 0.022220
v 0.608981 -0.640577 0.031820
v 0.605458 -0.651662 0.031820
v 0.615058 -0.638086 0.041420
v 0.860266 -0.752462 -0.031820
v 0.873843 -0.733262 -0.045396
v 0.873843 -0.733262 -0.018243
v 0.869866 -0.746839 -0.041420
v 0.875943 -0.744347 -0.031820
v 0.879466 -0.733262 -0.031820
v 0.869866 -0.746839 -0.022220
v 0.860266 -0.632462 -0.031820
v 0.873843 -0.651662 -0.018243
v 0.873843 -0.651662 -0.045396
v 0.869866 -0.638086 -0.022220
v 0.875943 -0.640577 -0.031820
v 0.879466 -0.651662 -0.031820
v 0.869866 -0.638086 -0.041420
v 0.774282 -0.752462 -0.117804
v 0.760705 -0.733262 -0.131380
v 0.787858 -0.733262 -0.131380
v 0.764682 -0.746839 -0.127404
v 0.774282 -0.744347 -0.133481
v 0.774282 -0.733262 -0.137004
v 0.783882 -0.746839 -0.127404
v 0.774282 -0.632462 -0.117804
v 0.787858 -0.651662 -0.131380
v 0.760705 -0.651662 -0.131380
v 0.783882 -0.638086 -0.127404
v 0.774282 -0.640577 -0.133481
v 0.774282 -0.651662 -0.137004
v 0.764682 -0.638086 -0.127404
vn -0.0000 -0.8881 0.4597
vn 0.3981 -0.3251 0.8578
vn -0.3981 -0.3251 0.8578
vn 0.3981 0.3251 0.8578
vn -0.0000 0.8881 0.4597
vn -0.3981 0.3251 0.8578
vn -0.4597 -0.8881 -0.0000
vn -0.8578 -0.3251 0.3981
vn -0.8578 -0.3251 -0.3981
vn -0.4597 0.8881 -0.0000
vn -0.8578 0.3251 -0.3981
vn -0.8578 0.3251 0.3981
vn 0.4597 -0.8881 -0.0000
vn 0.8578 -0.3251 -0.3981
vn 0.8578 -0.3251 0.3981
vn 0.4597 0.8881 -0.0000
vn 0.8578 0.3251 0.3981
vn 0.8578 0.3251 -0.3981
vn -0.0000 -0.8881 -0.4597
vn -0.3981 -0.3251 -0.8578
vn 0.3981 -0.3251 -0.8578
vn -0.0000 0.8881 -0.4597
vn 0.3981 0.3251 -0.8578
vn -0.3981 0.3251 -0.8578
vn -0.2706 -0.9239 0.2706
vn -0.6533 -0.3827 0.6533
vn 0.3827 -0.0000 0.9239
vn -0.3827 -0.0000 0.9239
vn -0.2706 0.9239 0.2706
vn -0.6533 0.3827 0.6533
vn -0.9239 -0.0000 -0.3827
vn -0.9239 -0.0000 0.3827
vn -0.2706 -0.9239 -0.2706
vn -0.6533 -0.3827 -0.6533
vn -0.2706 0.9239 -0.2706
vn -0.6533 0.3827 -0.6533
vn 0.3827 -0.0000 -0.9239
vn -0.3827 -0.0000 -0.9239
vn 0.2706 -0.9239 -0.2706
vn 0.6533 -0.3827 -0.6533
vn 0.2706 0.9239 -0.2706
vn 0.6533 0.3827 -0.6533
vn 0.9239 -0.0000 0.3827
vn 0.9239 -0.0000 -0.3827
vn 0.2706 -0.9239 0.2706
vn 0.6533 -0.3827 0.6533
vn 0.2706 0.9239 0.2706
vn 0.6533 0.3827 0.6533
vn -0.0000 -1.0000 -0.0000
vn -0.7071 -0.0000 0.7071
vn 0.7071 -0.0000 0.7071
vn -0.0000 1.0000 -0.0000
vn -0.7071 -0.0000 -0.7071
vn 0.7071 -0.0000 -0.7071
vt 0.144200 0.720000
vt 0.144200 0.750000
vt 0.133115 0.750000
vt 0.125000 0.720000
vt 0.415000 0.980800
vt 0.415000 1.000000
vt 0.391906 1.000000
vt 0.375000 0.980800
vt 0.415000 0.030000
vt 0.375000 0.030000
vt 0.375000 0.012680
vt 0.415000 0.000000
vt 0.585000 0.980800
vt 0.625000 0.980800
vt 0.625000 0.991885
vt 0.585000 1.000000
vt 0.855800 0.720000
vt 0.875000 0.720000
vt 0.875000 0.737321
vt 0.855800 0.750000
vt 0.585000 0.030000
vt 0.585000 0.000000
vt 0.608094 0.000000
vt 0.625000 0.030000
vt 0.144200 0.530000
vt 0.125000 0.530000
vt 0.125000 0.512680
vt 0.144200 0.500000
vt 0.415000 0.220000
vt 0.415000 0.250000
vt 0.383453 0.254057
vt 0.375000 0.220000
vt 0.415000 0.269200
vt 0.375000 0.269200
vt 0.855800 0.530000
vt 0.855800 0.500000
vt 0.866885 0.500000
vt 0.875000 0.530000
vt 0.585000 0.269200
vt 0.585000 0.250000
vt 0.616547 0.243660
vt 0.625000 0.269200
vt 0.585000 0.220000
vt 0.625000 0.220000
vt 0.355800 0.720000
vt 0.375000 0.720000
vt 0.380635 0.748479
vt 0.365400 0.759600
vt 0.415000 0.720000
vt 0.415000 0.750000
vt 0.415000 0.769200
vt 0.644200 0.720000
vt 0.634600 0.759600
vt 0.622070 0.745774
vt 0.625000 0.720000
vt 0.585000 0.769200
vt 0.585000 0.750000
vt 0.585000 0.720000
vt 0.355800 0.530000
vt 0.365400 0.490400
vt 0.377930 0.504226
vt 0.375000 0.530000
vt 0.415000 0.480800
vt 0.415000 0.500000
vt 0.415000 0.530000
vt 0.644200 0.530000
vt 0.625000 0.530000
vt 0.619365 0.501522
vt 0.634600 0.490400
vt 0.585000 0.530000
vt 0.585000 0.500000
vt 0.585000 0.480800
s 0
f 617/793/595 620/794/595 621/795/595 623/796/595
f 618/797/596 622/798/596 621/799/596 620/800/596
f 619/801/597 623/802/597 621/803/597 622/804/597
f 624/805/598 627/806/598 628/807/598 630/808/598
f 625/809/599 629/810/599 628/811/599 627/812/599
f 626/813/600 630/814/600 628/815/600 629/816/600
f 631/817/601 634/818/601 635/819/601 637/820/601
f 632/821/602 636/822/602 635/823/602 634/824/602
f 633/825/603 637/826/603 635/823/603 636/822/603
f 638/827/604 641/828/604 642/829/604 644/830/604
f 639/831/605 643/832/605 642/833/605 641/834/605
f 640/835/606 644/836/606 642/833/606 643/832/606
f 645/837/607 648/838/607 649/839/607 651/840/607
f 646/841/608 650/842/608 649/839/608 648/838/608
f 647/843/609 651/840/609 649/839/609 650/842/609
f 652/844/610 655/845/610 656/846/610 658/847/610
f 653/848/611 657/849/611 656/846/611 655/845/611
f 654/850/612 658/847/612 656/846/612 657/849/612
f 659/851/613 662/852/613 663/853/613 665/854/613
f 660/855/614 664/856/614 663/853/614 662/852/614
f 661/857/615 665/854/615 663/853/615 664/856/615
f 666/858/616 669/859/616 670/860/616 672/861/616
f 667/862/617 671/863/617 670/860/617 669/859/617
f 668/864/618 672/861/618 670/860/618 671/863/618
f 631/817/619 617/793/619 623/796/619 634/818/619
f 634/824/620 623/802/620 619/801/620 632/821/620
f 618/797/621 624/805/621 630/808/621 622/798/621
f 622/804/622 630/814/622 626/813/622 619/801/622
f 625/809/623 638/827/623 644/830/623 629/810/623
f 629/816/624 644/836/624 640/835/624 626/813/624
f 639/831/625 633/825/625 636/822/625 643/832/625
f 643/832/626 636/822/626 632/821/626 640/835/626
f 659/851/627 631/817/627 637/820/627 662/852/627
f 662/852/628 637/826/628 633/825/628 660/855/628
f 638/827/629 666/858/629 672/861/629 641/828/629
f 641/834/630 672/861/630 668/864/630 639/831/630
f 667/862/631 661/857/631 664/856/631 671/863/631
f 671/863/632 664/856/632 660/855/632 668/864/632
f 645/837/633 659/851/633 665/854/633 648/838/633
f 648/838/634 665/854/634 661/857/634 646/841/634
f 666/858/635 652/844/635 658/847/635 669/859/635
f 669/859/636 658/847/636 654/850/636 667/862/636
f 653/848/637 647/843/637 650/842/637 657/849/637
f 657/849/638 650/842/638 646/841/638 654/850/638
f 617/793/639 645/837/639 651/840/639 620/794/639
f 620/800/640 651/840/640 647/843/640 618/797/640
f 652/844/641 625/809/641 627/812/641 655/845/641
f 655/845/642 627/806/642 624/805/642 653/848/642
f 631/817/643 659/851/643 645/837/643 617/793/643
f 619/801/644 626/813/644 640/835/644 632/821/644
f 647/843/645 653/848/645 624/805/645 618/797/645
f 666/858/646 638/827/646 625/809/646 652/844/646
f 633/825/647 639/831/647 668/864/647 660/855/647
f 661/857/648 667/862/648 654/850/648 646/841/648
o GraduatedArc_12
v 0.849230 -0.612255 0.121540
v 0.864957 -0.593055 0.132552
v 0.838217 -0.593055 0.137267
v 0.860351 -0.606632 0.129327
v 0.851952 -0.604140 0.136978
v 0.852564 -0.593055 0.140448
v 0.841443 -0.606632 0.132661
v 0.864957 -0.511455 0.132552
v 0.849230 -0.492255 0.121540
v 0.838217 -0.511455 0.137267
v 0.860351 -0.497879 0.129327
v 0.851952 -0.500370 0.136978
v 0.841443 -0.497879 0.132661
v 0.852564 -0.511455 0.140448
v 0.749621 -0.612255 0.051793
v 0.738608 -0.593055 0.067521
v 0.733893 -0.593055 0.040780
v 0.741834 -0.606632 0.062914
v 0.734182 -0.604140 0.054515
v 0.730712 -0.593055 0.055127
v 0.738500 -0.606632 0.044006
v 0.749621 -0.492255 0.051793
v 0.733893 -0.511455 0.040780
v 0.738608 -0.511455 0.067521
v 0.738500 -0.497879 0.044006
v 0.734182 -0.500370 0.054515
v 0.730712 -0.511455 0.055127
v 0.741834 -0.497879 0.062914
v 0.970598 -0.612255 -0.051793
v 0.981611 -0.593055 -0.067521
v 0.986326 -0.593055 -0.040780
v 0.978386 -0.606632 -0.062914
v 0.986037 -0.604140 -0.054515
v 0.989507 -0.593055 -0.055127
v 0.981720 -0.606632 -0.044006
v 0.970598 -0.492255 -0.051793
v 0.986326 -0.511455 -0.040780
v 0.981611 -0.511455 -0.067521
v 0.981720 -0.497879 -0.044006
v 0.986037 -0.500370 -0.054515
v 0.989507 -0.511455 -0.055127
v 0.978386 -0.497879 -0.062914
v 0.870990 -0.612255 -0.121540
v 0.855262 -0.593055 -0.132552
v 0.882002 -0.593055 -0.137267
v 0.859868 -0.606632 -0.129327
v 0.868267 -0.604140 -0.136978
v 0.867656 -0.593055 -0.140448
v 0.878777 -0.606632 -0.132661
v 0.870990 -0.492255 -0.121540
v 0.882002 -0.511455 -0.137267
v 0.855262 -0.511455 -0.132552
v 0.878777 -0.497879 -0.132661
v 0.868267 -0.500370 -0.136978
v 0.867656 -0.511455 -0.140448
v 0.859868 -0.497879 -0.129327
vn 0.0798 -0.8881 0.4527
vn 0.5410 -0.3251 0.7756
vn -0.2431 -0.3251 0.9139
vn 0.5410 0.3251 0.7756
vn 0.0798 0.8881 0.4527
vn -0.2431 0.3251 0.9139
vn -0.4527 -0.8881 0.0798
vn -0.7757 -0.3251 0.5410
vn -0.9139 -0.3251 -0.2431
vn -0.4527 0.8881 0.0798
vn -0.9139 0.3251 -0.2431
vn -0.7756 0.3251 0.5410
vn 0.4527 -0.8881 -0.0798
vn 0.7756 -0.3251 -0.5410
vn 0.9139 -0.3251 0.2431
vn 0.4527 0.8881 -0.0798
vn 0.9139 0.3251 0.2431
vn 0.7756 0.3251 -0.5410
vn -0.0798 -0.8881 -0.4527
vn -0.5410 -0.3251 -0.7756
vn 0.2431 -0.3251 -0.9139
vn -0.0798 0.8881 -0.4527
vn 0.2431 0.3251 -0.9139
vn -0.5410 0.3251 -0.7756
vn -0.2195 -0.9239 0.3135
vn -0.5299 -0.3827 0.7568
vn 0.5373 -0.0000 0.8434
vn -0.2164 -0.0000 0.9763
vn -0.2195 0.9239 0.3135
vn -0.5299 0.3827 0.7568
vn -0.9763 -0.0000 -0.2164
vn -0.8434 -0.0000 0.5373
vn -0.3135 -0.9239 -0.2195
vn -0.7568 -0.3827 -0.5299
vn -0.3135 0.9239 -0.2195
vn -0.7568 0.3827 -0.5299
vn 0.2164 -0.0000 -0.9763
vn -0.5373 -0.0000 -0.8434
vn 0.2195 -0.9239 -0.3135
vn 0.5299 -0.3827 -0.7568
vn 0.2195 0.9239 -0.3135
vn 0.5299 0.3827 -0.7568
vn 0.9763 -0.0000 0.2164
vn 0.8434 -0.0000 -0.5373
vn 0.3135 -0.9239 0.2195
vn 0.7568 -0.3827 0.5299
vn 0.3135 0.9239 0.2195
vn 0.7568 0.3827 0.5299
vn -0.0000 -1.0000 -0.0000
vn -0.5736 -0.0000 0.8192
vn 0.8192 -0.0000 0.5736
vn -0.0000 1.0000 -0.0000
vn -0.8192 -0.0000 -0.5736
vn 0.5736 -0.0000 -0.8192
vt 0.144200 0.720000
vt 0.144200 0.750000
vt 0.133115 0.750000
vt 0.125000 0.720000
vt 0.415000 0.980800
vt 0.415000 1.000000
vt 0.391906 1.000000
vt 0.375000 0.980800
vt 0.415000 0.030000
vt 0.375000 0.030000
vt 0.375000 0.012680
vt 0.415000 0.000000
vt 0.585000 0.980800
vt 0.625000 0.980800
vt 0.625000 0.991885
vt 0.585000 1.000000
vt 0.855800 0.720000
vt 0.875000 0.720000
vt 0.875000 0.737321
vt 0.855800 0.750000
vt 0.585000 0.030000
vt 0.585000 0.000000
vt 0.608094 0.000000
vt 0.625000 0.030000
vt 0.144200 0.530000
vt 0.125000 0.530000
vt 0.125000 0.512680
vt 0.144200 0.500000
vt 0.415000 0.220000
vt 0.415000 0.250000
vt 0.383453 0.254057
vt 0.375000 0.220000
vt 0.415000 0.269200
vt 0.375000 0.269200
vt 0.855800 0.530000
vt 0.855800 0.500000
vt 0.866885 0.500000
vt 0.875000 0.530000
vt 0.585000 0.269200
vt 0.585000 0.250000
vt 0.616547 0.243660
vt 0.625000 0.269200
vt 0.585000 0.220000
vt 0.625000 0.220000
vt 0.355800 0.720000
vt 0.375000 0.720000
vt 0.380635 0.748479
vt 0.365400 0.759600
vt 0.415000 0.720000
vt 0.415000 0.750000
vt 0.415000 0.769200
vt 0.644200 0.720000
vt 0.634600 0.759600
vt 0.622070 0.745774
vt 0.625000 0.720000
vt 0.585000 0.769200
vt 0.585000 0.750000
vt 0.585000 0.720000
vt 0.355800 0.530000
vt 0.365400 0.490400
vt 0.377930 0.504226
vt 0.375000 0.530000
vt 0.415000 0.480800
vt 0.415000 0.500000
vt 0.415000 0.530000
vt 0.644200 0.530000
vt 0.625000 0.530000
vt 0.619365 0.501522
vt 0.634600 0.490400
vt 0.585000 0.530000
vt 0.585000 0.500000
vt 0.585000 0.480800
s 0
f 673/865/649 676/866/649 677/867/649 679/868/649
f 674/869/650 678/870/650 677/871/650 676/872/650
f 675/873/651 679/874/651 677/875/651 678/876/651
f 680/877/652 683/878/652 684/879/652 686/880/652
f 681/881/653 685/882/653 684/883/653 683/884/653
f 682/885/654 686/886/654 684/887/654 685/888/654
f 687/889/655 690/890/655 691/891/655 693/892/655
f 688/893/656 692/894/656 691/895/656 690/896/656
f 689/897/657 693/898/657 691/895/657 692/894/657
f 694/899/658 697/900/658 698/901/658 700/902/658
f 695/903/659 699/904/659 698/905/659 697/906/659
f 696/907/660 700/908/660 698/905/660 699/904/660
f 701/909/661 704/910/661 705/911/661 707/912/661
f 702/913/662 706/914/662 705/911/662 704/910/662
f 703/915/663 707/912/663 705/911/663 706/914/663
f 708/916/664 711/917/664 712/918/664 714/919/664
f 709/920/665 713/921/665 712/918/665 711/917/665
f 710/922/666 714/919/666 712/918/666 713/921/666
f 715/923/667 718/924/667 719/925/667 721/926/667
f 716/927/668 720/928/668 719/925/668 718/924/668
f 717/929/669 721/926/669 719/925/669 720/928/669
f 722/930/670 725/931/670 726/932/670 728/933/670
f 723/934/671 727/935/671 726/932/671 725/931/671
f 724/936/672 728/933/672 726/932/672 727/935/672
f 687/889/673 673/865/673 679/868/673 690/890/673
f 690/896/674 679/874/674 675/873/674 688/893/674
f 674/869/675 680/877/675 686/880/675 678/870/675
f 678/876/676 686/886/676 682/885/676 675/873/676
f 681/881/677 694/899/677 700/902/677 685/882/677
f 685/888/678 700/908/678 696/907/678 682/885/678
f 695/903/679 689/897/679 692/894/679 699/904/679
f 699/904/680 692/894/680 688/893/680 696/907/680
f 715/923/681 687/889/681 693/892/681 718/924/681
f 718/924/682 693/898/682 689/897/682 716/927/682
f 694/899/683 722/930/683 728/933/683 697/900/683
f 697/906/684 728/933/684 724/936/684 695/903/684
f 723/934/685 717/929/685 720/928/685 727/935/685
f 727/935/686 720/928/686 716/927/686 724/936/686
f 701/909/687 715/923/687 721/926/687 704/910/687
f 704/910/688 721/926/688 717/929/688 702/913/688
f 722/930/689 708/916/689 714/919/689 725/931/689
f 725/931/690 714/919/690 710/922/690 723/934/690
f 709/920/691 703/915/691 706/914/691 713/921/691
f 713/921/692 706/914/692 702/913/692 710/922/692
f 673/865/693 701/909/693 707/912/693 676/866/693
f 676/872/694 707/912/694 703/915/694 674/869/694
f 708/916/695 681/881/695 683/884/695 711/917/695
f 711/917/696 683/878/696 680/877/696 709/920/696
f 687/889/697 715/923/697 701/909/697 673/865/697
f 675/873/698 682/885/698 696/907/698 688/893/698
f 703/915/699 709/920/699 680/877/699 674/869/699
f 722/930/700 694/899/700 681/881/700 708/916/700
f 689/897/701 695/903/701 724/936/701 716/927/701
f 717/929/702 723/934/702 710/922/702 702/913/702
o GraduatedArc_13
v 0.962014 -0.453749 0.121583
v 0.979415 -0.434549 0.129697
v 0.953899 -0.434549 0.138984
v 0.974318 -0.448126 0.127320
v 0.967375 -0.445634 0.136314
v 0.968580 -0.434549 0.139625
v 0.956276 -0.448126 0.133887
v 0.979415 -0.352949 0.129697
v 0.962014 -0.333749 0.121583
v 0.953899 -0.352949 0.138984
v 0.974318 -0.339373 0.127320
v 0.967375 -0.341864 0.136314
v 0.956276 -0.339373 0.133887
v 0.968580 -0.352949 0.139625
v 0.851807 -0.453749 0.070192
v 0.843692 -0.434549 0.087593
v 0.834406 -0.434549 0.062078
v 0.846069 -0.448126 0.082497
v 0.837075 -0.445634 0.075554
v 0.833765 -0.434549 0.076759
v 0.839502 -0.448126 0.064454
v 0.851807 -0.333749 0.070192
v 0.834406 -0.352949 0.062078
v 0.843692 -0.352949 0.087593
v 0.839502 -0.339373 0.064454
v 0.837075 -0.341864 0.075554
v 0.833765 -0.352949 0.076759
v 0.846069 -0.339373 0.082497
v 1.051440 -0.453749 -0.070192
v 1.059554 -0.434549 -0.087593
v 1.068841 -0.434549 -0.062078
v 1.057177 -0.448126 -0.082497
v 1.066171 -0.445634 -0.075554
v 1.069482 -0.434549 -0.076759
v 1.063744 -0.448126 -0.064454
v 1.051440 -0.333749 -0.070192
v 1.068841 -0.352949 -0.062078
v 1.059554 -0.352949 -0.087593
v 1.063744 -0.339373 -0.064454
v 1.066171 -0.341864 -0.075554
v 1.069482 -0.352949 -0.076759
v 1.057177 -0.339373 -0.082497
v 0.941233 -0.453749 -0.121583
v 0.923832 -0.434549 -0.129697
v 0.949347 -0.434549 -0.138984
v 0.928928 -0.448126 -0.127320
v 0.935871 -0.445634 -0.136314
v 0.934666 -0.434549 -0.139625
v 0.946970 -0.448126 -0.133887
v 0.941233 -0.333749 -0.121583
v 0.949347 -0.352949 -0.138984
v 0.923832 -0.352949 -0.129697
v 0.946970 -0.339373 -0.133887
v 0.935871 -0.341864 -0.136314
v 0.934666 -0.352949 -0.139625
v 0.928928 -0.339373 -0.127320
vn 0.1572 -0.8881 0.4320
vn 0.6675 -0.3251 0.6699
vn -0.0807 -0.3251 0.9422
vn 0.6675 0.3251 0.6699
vn 0.1572 0.8881 0.4320
vn -0.0807 0.3251 0.9422
vn -0.4320 -0.8881 0.1572
vn -0.6699 -0.3251 0.6675
vn -0.9422 -0.3251 -0.0807
vn -0.4320 0.8881 0.1572
vn -0.9422 0.3251 -0.0807
vn -0.6699 0.3251 0.6675
vn 0.4320 -0.8881 -0.1572
vn 0.6699 -0.3251 -0.6675
vn 0.9422 -0.3251 0.0807
vn 0.4320 0.8881 -0.1572
vn 0.9422 0.3251 0.0807
vn 0.6699 0.3251 -0.6675
vn -0.1572 -0.8881 -0.4320
vn -0.6675 -0.3251 -0.6699
vn 0.0807 -0.3251 -0.9422
vn -0.1572 0.8881 -0.4320
vn 0.0807 0.3251 -0.9422
vn -0.6675 0.3251 -0.6699
vn -0.1617 -0.9239 0.3468
vn -0.3904 -0.3827 0.8373
vn 0.6756 -0.0000 0.7373
vn -0.0436 -0.0000 0.9990
vn -0.1617 0.9239 0.3468
vn -0.3904 0.3827 0.8373
vn -0.9990 -0.0000 -0.0436
vn -0.7373 -0.0000 0.6756
vn -0.3468 -0.9239 -0.1617
vn -0.8373 -0.3827 -0.3904
vn -0.3468 0.9239 -0.1617
vn -0.8373 0.3827 -0.3904
vn 0.0436 -0.0000 -0.9990
vn -0.6756 -0.0000 -0.7373
vn 0.1617 -0.9239 -0.3468
vn 0.3904 -0.3827 -0.8373
vn 0.1617 0.9239 -0.3468
vn 0.3904 0.3827 -0.8373
vn 0.9990 -0.0000 0.0436
vn 0.7373 -0.0000 -0.6756
vn 0.3468 -0.9239 0.1617
vn 0.8373 -0.3827 0.3904
vn 0.3468 0.9239 0.1617
vn 0.8373 0.3827 0.3904
vn -0.0000 -1.0000 -0.0000
vn -0.4226 -0.0000 0.9063
vn 0.9063 -0.0000 0.4226
vn -0.0000 1.0000 -0.0000
vn -0.9063 -0.0000 -0.4226
vn 0.4226 -0.0000 -0.9063
vt 0.144200 0.720000
vt 0.144200 0.750000
vt 0.133115 0.750000
vt 0.125000 0.720000
vt 0.415000 0.980800
vt 0.415000 1.000000
vt 0.391906 1.000000
vt 0.375000 0.980800
vt 0.415000 0.030000
vt 0.375000 0.030000
vt 0.375000 0.012679
vt 0.415000 0.000000
vt 0.585000 0.980800
vt 0.625000 0.980800
vt 0.625000 0.991885
vt 0.585000 1.000000
vt 0.855800 0.720000
vt 0.875000 0.720000
vt 0.875000 0.737320
vt 0.855800 0.750000
vt 0.585000 0.030000
vt 0.585000 0.000000
vt 0.608094 0.000000
vt 0.625000 0.030000
vt 0.144200 0.530000
vt 0.125000 0.530000
vt 0.125000 0.512679
vt 0.144200 0.500000
vt 0.415000 0.220000
vt 0.415000 0.250000
vt 0.383453 0.254057
vt 0.375000 0.220000
vt 0.415000 0.269200
vt 0.375000 0.269200
vt 0.855800 0.530000
vt 0.855800 0.500000
vt 0.866885 0.500000
vt 0.875000 0.530000
vt 0.585000 0.269200
vt 0.585000 0.250000
vt 0.616547 0.243660
vt 0.625000 0.269200
vt 0.585000 0.220000
vt 0.625000 0.220000
vt 0.355800 0.720000
vt 0.375000 0.720000
vt 0.380635 0.748478
vt 0.365400 0.759600
vt 0.415000 0.720000
vt 0.415000 0.750000
vt 0.415000 0.769200
vt 0.644200 0.720000
vt 0.634600 0.759600
vt 0.622070 0.745773
vt 0.625000 0.720000
vt 0.585000 0.769200
vt 0.585000 0.750000
vt 0.585000 0.720000
vt 0.355800 0.530000
vt 0.365400 0.490400
vt 0.377930 0.504226
vt 0.375000 0.530000
vt 0.415000 0.480800
vt 0.415000 0.500000
vt 0.415000 0.530000
vt 0.644200 0.530000
vt 0.625000 0.530000
vt 0.619365 0.501522
vt 0.634600 0.490400
vt 0.585000 0.530000
vt 0.585000 0.500000
vt 0.585000 0.480800
s 0
f 729/937/703 732/938/703 733/939/703 735/940/703
f 730/941/704 734/942/704 733/943/704 732/944/704
f 731/945/705 735/946/705 733/947/705 734/948/705
f 736/949/706 739/950/706 740/951/706 742/952/706
f 737/953/707 741/954/707 740/955/707 739/956/707
f 738/957/708 742/958/708 740/959/708 741/960/708
f 743/961/709 746/962/709 747/963/709 749/964/709
f 744/965/710 748/966/710 747/967/710 746/968/710
f 745/969/711 749/970/711 747/967/711 748/966/711
f 750/971/712 753/972/712 754/973/712 756/974/712
f 751/975/713 755/976/713 754/977/713 753/978/713
f 752/979/714 756/980/714 754/977/714 755/976/714
f 757/981/715 760/982/715 761/983/715 763/984/715
f 758/985/716 762/986/716 761/983/716 760/982/716
f 759/987/717 763/984/717 761/983/717 762/986/717
f 764/988/718 767/989/718 768/990/718 770/991/718
f 765/992/719 769/993/719 768/990/719 767/989/719
f 766/994/720 770/991/720 768/990/720 769/993/720
f 771/995/721 774/996/721 775/997/721 777/998/721
f 772/999/722 776/1000/722 775/997/722 774/996/722
f 773/1001/723 777/998/723 775/997/723 776/1000/723
f 778/1002/724 781/1003/724 782/1004/724 784/1005/724
f 779/1006/725 783/1007/725 782/1004/725 781/1003/725
f 780/1008/726 784/1005/726 782/1004/726 783/1007/726
f 743/961/727 729/937/727 735/940/727 746/962/727
f 746/968/728 735/946/728 731/945/728 744/965/728
f 730/941/729 736/949/729 742/952/729 734/942/729
f 734/948/730 742/958/730 738/957/730 731/945/730
f 737/953/731 750/971/731 756/974/731 741/954/731
f 741/960/732 756/980/732 752/979/732 738/957/732
f 751/975/733 745/969/733 748/966/733 755/976/733
f 755/976/734 748/966/734 744/965/734 752/979/734
f 771/995/735 743/961/735 749/964/735 774/996/735
f 774/996/736 749/970/736 745/969/736 772/999/736
f 750/971/737 778/1002/737 784/1005/737 753/972/737
f 753/978/738 784/1005/738 780/1008/738 751/975/738
f 779/1006/739 773/1001/739 776/1000/739 783/1007/739
f 783/1007/740 776/1000/740 772/999/740 780/1008/740
f 757/981/741 771/995/741 777/998/741 760/982/741
f 760/982/742 777/998/742 773/1001/742 758/985/742
f 778/1002/743 764/988/743 770/991/743 781/1003/743
f 781/1003/744 770/991/744 766/994/744 779/1006/744
f 765/992/745 759/987/745 762/986/745 769/993/745
f 769/993/746 762/986/746 758/985/746 766/994/746
f 729/937/747 757/981/747 763/984/747 732/938/747
f 732/944/748 763/984/748 759/987/748 730/941/748
f 764/988/749 737/953/749 739/956/749 767/989/749
f 767/989/750 739/950/750 736/949/750 765/992/750
f 743/961/751 771/995/751 757/981/751 729/937/751
f 731/945/752 738/957/752 752/979/752 744/965/752
f 759/987/753 765/992/753 736/949/753 730/941/753
f 778/1002/754 750/971/754 737/953/754 764/988/754
f 745/969/755 751/975/755 780/1008/755 772/999/755
f 773/1001/756 779/1006/756 766/994/756 758/985/756
o LeftFrame
v -0.049189 0.240625 -0.700511
v -0.062999 0.257425 -0.710078
v -0.039622 0.257425 -0.714321
v -0.058954 0.245546 -0.707276
v -0.051639 0.247726 -0.714008
v -0.052189 0.257425 -0.717041
v -0.042424 0.245546 -0.710277
v -0.062999 0.328825 -0.710078
v -0.049189 0.345625 -0.700511
v -0.039622 0.328825 -0.714321
v -0.058954 0.340705 -0.707276
v -0.051639 0.338525 -0.714008
v -0.042424 0.340705 -0.710277
v -0.052189 0.328825 -0.717041
v 0.030055 0.240625 -0.645617
v 0.039622 0.257425 -0.659428
v 0.043866 0.257425 -0.636051
v 0.036820 0.245546 -0.655383
v 0.043552 0.247726 -0.648067
v 0.046585 0.257425 -0.648618
v 0.039821 0.245546 -0.638853
v 0.030055 0.345625 -0.645617
v 0.043866 0.328825 -0.636051
v 0.039622 0.328825 -0.659428
v 0.039821 0.340705 -0.638853
v 0.043552 0.338525 -0.648067
v 0.046585 0.328825 -0.648618
v 0.036820 0.340705 -0.655383
v -0.981679 0.240625 0.645617
v -0.991245 0.257425 0.659428
v -0.995489 0.257425 0.636051
v -0.988443 0.245546 0.655383
v -0.995175 0.247726 0.648067
v -0.998209 0.257425 0.648618
v -0.991444 0.245546 0.638853
v -0.981679 0.345625 0.645617
v -0.995489 0.328825 0.636051
v -0.991245 0.328825 0.659428
v -0.991444 0.340705 0.638853
v -0.995175 0.338525 0.648067
v -0.998209 0.328825 0.648618
v -0.988443 0.340705 0.655383
v -0.902435 0.240625 0.700511
v -0.888624 0.257425 0.710078
v -0.912001 0.257425 0.714321
v -0.892669 0.245546 0.707276
v -0.899985 0.247726 0.714008
v -0.899434 0.257425 0.717041
v -0.909199 0.245546 0.710277
v -0.902435 0.345625 0.700511
v -0.912001 0.328825 0.714321
v -0.888624 0.328825 0.710078
v -0.909199 0.340705 0.710277
v -0.899985 0.338525 0.714008
v -0.899434 0.328825 0.717041
v -0.892669 0.340705 0.707276
vn -0.0821 -0.8881 -0.4523
vn -0.5449 -0.3251 -0.7729
vn 0.2385 -0.3251 -0.9151
vn -0.5449 0.3251 -0.7729
vn -0.0821 0.8881 -0.4523
vn 0.2385 0.3251 -0.9151
vn 0.4523 -0.8881 -0.0821
vn 0.7729 -0.3251 -0.5449
vn 0.9151 -0.3251 0.2385
vn 0.4523 0.8881 -0.0821
vn 0.9151 0.3251 0.2385
vn 0.7729 0.3251 -0.5449
vn -0.4523 -0.8881 0.0821
vn -0.7729 -0.3251 0.5449
vn -0.9151 -0.3251 -0.2385
vn -0.4523 0.8881 0.0821
vn -0.9151 0.3251 -0.2385
vn -0.7729 0.3251 0.5449
vn 0.0821 -0.8881 0.4523
vn 0.5449 -0.3251 0.7729
vn -0.2385 -0.3251 0.9151
vn 0.0821 0.8881 0.4523
vn -0.2385 0.3251 0.9151
vn 0.5449 0.3251 0.7729
vn 0.2179 -0.9239 -0.3146
vn 0.5261 -0.3827 -0.7595
vn -0.5415 -0.0000 -0.8407
vn 0.2115 -0.0000 -0.9774
vn 0.2179 0.9239 -0.3146
vn 0.5261 0.3827 -0.7595
vn 0.9774 -0.0000 0.2115
vn 0.8407 -0.0000 -0.5415
vn 0.3146 -0.9239 0.2179
vn 0.7595 -0.3827 0.5261
vn 0.3146 0.9239 0.2179
vn 0.7595 0.3827 0.5261
vn -0.2115 -0.0000 0.9774
vn 0.5415 -0.0000 0.8407
vn -0.2179 -0.9239 0.3146
vn -0.5261 -0.3827 0.7595
vn -0.2179 0.9239 0.3146
vn -0.5261 0.3827 0.7595
vn -0.9774 -0.0000 -0.2115
vn -0.8407 -0.0000 0.5415
vn -0.3146 -0.9239 -0.2179
vn -0.7595 -0.3827 -0.5261
vn -0.3146 0.9239 -0.2179
vn -0.7595 0.3827 -0.5261
vn -0.0000 -1.0000 -0.0000
vn 0.5694 -0.0000 -0.8220
vn -0.8220 -0.0000 -0.5694
vn -0.0000 1.0000 -0.0000
vn 0.8220 -0.0000 0.5694
vn -0.5694 -0.0000 0.8220
vt 0.127513 0.717692
vt 0.127513 0.750000
vt 0.126062 0.750000
vt 0.125000 0.717692
vt 0.415000 0.997487
vt 0.415000 1.000000
vt 0.391906 1.000000
vt 0.375000 0.997487
vt 0.415000 0.032308
vt 0.375000 0.032308
vt 0.375000 0.013655
vt 0.415000 0.000000
vt 0.585000 0.997487
vt 0.625000 0.997487
vt 0.625000 0.998938
vt 0.585000 1.000000
vt 0.872487 0.717692
vt 0.875000 0.717692
vt 0.875000 0.736345
vt 0.872487 0.750000
vt 0.585000 0.032308
vt 0.585000 0.000000
vt 0.608094 0.000000
vt 0.625000 0.032308
vt 0.127513 0.532308
vt 0.125000 0.532308
vt 0.125000 0.513655
vt 0.127513 0.500000
vt 0.415000 0.217692
vt 0.415000 0.250000
vt 0.383453 0.250531
vt 0.375000 0.217692
vt 0.415000 0.252513
vt 0.375000 0.252513
vt 0.872487 0.532308
vt 0.872487 0.500000
vt 0.873938 0.500000
vt 0.875000 0.532308
vt 0.585000 0.252513
vt 0.585000 0.250000
vt 0.616547 0.243173
vt 0.625000 0.252513
vt 0.585000 0.217692
vt 0.625000 0.217692
vt 0.372487 0.717692
vt 0.375000 0.717692
vt 0.380635 0.745802
vt 0.373743 0.751257
vt 0.415000 0.717692
vt 0.415000 0.750000
vt 0.415000 0.752513
vt 0.627513 0.717692
vt 0.626257 0.751257
vt 0.619719 0.745448
vt 0.625000 0.717692
vt 0.585000 0.752513
vt 0.585000 0.750000
vt 0.585000 0.717692
vt 0.372487 0.532308
vt 0.373743 0.498743
vt 0.380281 0.504552
vt 0.375000 0.532308
vt 0.415000 0.497487
vt 0.415000 0.500000
vt 0.415000 0.532308
vt 0.627513 0.532308
vt 0.625000 0.532308
vt 0.619365 0.504198
vt 0.626257 0.498743
vt 0.585000 0.532308
vt 0.585000 0.500000
vt 0.585000 0.497487
s 0
f 785/1009/757 788/1010/757 789/1011/757 791/1012/757
f 786/1013/758 790/1014/758 789/1015/758 788/1016/758
f 787/1017/759 791/1018/759 789/1019/759 790/1020/759
f 792/1021/760 795/1022/760 796/1023/760 798/1024/760
f 793/1025/761 797/1026/761 796/1027/761 795/1028/761
f 794/1029/762 798/1030/762 796/1031/762 797/1032/762
f 799/1033/763 802/1034/763 803/1035/763 805/1036/763
f 800/1037/764 804/1038/764 803/1039/764 802/1040/764
f 801/1041/765 805/1042/765 803/1039/765 804/1038/765
f 806/1043/766 809/1044/766 810/1045/766 812/1046/766
f 807/1047/767 811/1048/767 810/1049/767 809/1050/767
f 808/1051/768 812/1052/768 810/1049/768 811/1048/768
f 813/1053/769 816/1054/769 817/1055/769 819/1056/769
f 814/1057/770 818/1058/770 817/1055/770 816/1054/770
f 815/1059/771 819/1056/771 817/1055/771 818/1058/771
f 820/1060/772 823/1061/772 824/1062/772 826/1063/772
f 821/1064/773 825/1065/773 824/1062/773 823/1061/773
f 822/1066/774 826/1063/774 824/1062/774 825/1065/774
f 827/1067/775 830/1068/775 831/1069/775 833/1070/775
f 828/1071/776 832/1072/776 831/1069/776 830/1068/776
f 829/1073/777 833/1070/777 831/1069/777 832/1072/777
f 834/1074/778 837/1075/778 838/1076/778 840/1077/778
f 835/1078/779 839/1079/779 838/1076/779 837/1075/779
f 836/1080/780 840/1077/780 838/1076/780 839/1079/780
f 799/1033/781 785/1009/781 791/1012/781 802/1034/781
f 802/1040/782 791/1018/782 787/1017/782 800/1037/782
f 786/1013/783 792/1021/783 798/1024/783 790/1014/783
f 790/1020/784 798/1030/784 794/1029/784 787/1017/784
f 793/1025/785 806/1043/785 812/1046/785 797/1026/785
f 797/1032/786 812/1052/786 808/1051/786 794/1029/786
f 807/1047/787 801/1041/787 804/1038/787 811/1048/787
f 811/1048/788 804/1038/788 800/1037/788 808/1051/788
f 827/1067/789 799/1033/789 805/1036/789 830/1068/789
f 830/1068/790 805/1042/790 801/1041/790 828/1071/790
f 806/1043/791 834/1074/791 840/1077/791 809/1044/791
f 809/1050/792 840/1077/792 836/1080/792 807/1047/792
f 835/1078/793 829/1073/793 832/1072/793 839/1079/793
f 839/1079/794 832/1072/794 828/1071/794 836/1080/794
f 813/1053/795 827/1067/795 833/1070/795 816/1054/795
f 816/1054/796 833/1070/796 829/1073/796 814/1057/796
f 834/1074/797 820/1060/797 826/1063/797 837/1075/797
f 837/1075/798 826/1063/798 822/1066/798 835/1078/798
f 821/1064/799 815/1059/799 818/1058/799 825/1065/799
f 825/1065/800 818/1058/800 814/1057/800 822/1066/800
f 785/1009/801 813/1053/801 819/1056/801 788/1010/801
f 788/1016/802 819/1056/802 815/1059/802 786/1013/802
f 820/1060/803 793/1025/803 795/1028/803 823/1061/803
f 823/1061/804 795/1022/804 792/1021/804 821/1064/804
f 799/1033/805 827/1067/805 813/1053/805 785/1009/805
f 787/1017/806 794/1029/806 808/1051/806 800/1037/806
f 815/1059/807 821/1064/807 792/1021/807 786/1013/807
f 834/1074/808 806/1043/808 793/1025/808 820/1060/808
f 801/1041/809 807/1047/809 836/1080/809 828/1071/809
f 829/1073/810 835/1078/810 822/1066/810 814/1057/810
o RightFrame
v -0.030055 0.240625 -0.645617
v -0.043866 0.257425 -0.636051
v -0.039622 0.257425 -0.659428
v -0.039821 0.245546 -0.638853
v -0.043552 0.247726 -0.648067
v -0.046585 0.257425 -0.648618
v -0.036820 0.245546 -0.655383
v -0.043866 0.328825 -0.636051
v -0.030055 0.345625 -0.645617
v -0.039622 0.328825 -0.659428
v -0.039821 0.340705 -0.638853
v -0.043552 0.338525 -0.648067
v -0.036820 0.340705 -0.655383
v -0.046585 0.328825 -0.648618
v 0.049189 0.240625 -0.700511
v 0.039622 0.257425 -0.714322
v 0.062999 0.257425 -0.710078
v 0.042424 0.245546 -0.710277
v 0.051639 0.247726 -0.714008
v 0.052189 0.257425 -0.717041
v 0.058954 0.245546 -0.707276
v 0.049189 0.345625 -0.700511
v 0.062999 0.328825 -0.710078
v 0.039622 0.328825 -0.714322
v 0.058954 0.340705 -0.707276
v 0.051639 0.338525 -0.714008
v 0.052189 0.328825 -0.717041
v 0.042424 0.340705 -0.710277
v 0.902435 0.240625 0.700511
v 0.912001 0.257425 0.714322
v 0.888624 0.257425 0.710078
v 0.909199 0.245546 0.710277
v 0.899985 0.247726 0.714008
v 0.899434 0.257425 0.717041
v 0.892669 0.245546 0.707276
v 0.902435 0.345625 0.700511
v 0.888624 0.328825 0.710078
v 0.912001 0.328825 0.714322
v 0.892669 0.340705 0.707276
v 0.899984 0.338525 0.714008
v 0.899434 0.328825 0.717041
v 0.909199 0.340705 0.710277
v 0.981679 0.240625 0.645617
v 0.995489 0.257425 0.636051
v 0.991245 0.257425 0.659428
v 0.991444 0.245546 0.638853
v 0.995175 0.247726 0.648067
v 0.998208 0.257425 0.648618
v 0.988443 0.245546 0.655383
v 0.981679 0.345625 0.645617
v 0.991245 0.328825 0.659428
v 0.995489 0.328825 0.636051
v 0.988443 0.340705 0.655383
v 0.995175 0.338525 0.648067
v 0.998209 0.328825 0.648618
v 0.991444 0.340705 0.638853
vn -0.4523 -0.8881 -0.0821
vn -0.9151 -0.3251 0.2385
vn -0.7729 -0.3251 -0.5449
vn -0.9151 0.3251 0.2385
vn -0.4523 0.8881 -0.0821
vn -0.7729 0.3251 -0.5449
vn 0.0821 -0.8881 -0.4523
vn -0.2385 -0.3251 -0.9151
vn 0.5449 -0.3251 -0.7729
vn 0.0821 0.8881 -0.4523
vn 0.5449 0.3251 -0.7729
vn -0.2385 0.3251 -0.9151
vn -0.0821 -0.8881 0.4523
vn 0.2385 -0.3251 0.9151
vn -0.5449 -0.3251 0.7729
vn -0.0821 0.8881 0.4523
vn -0.5449 0.3251 0.7729
vn 0.2385 0.3251 0.9151
vn 0.4523 -0.8881 0.0821
vn 0.9151 -0.3251 -0.2385
vn 0.7729 -0.3251 0.5449
vn 0.4523 0.8881 0.0821
vn 0.7729 0.3251 0.5449
vn 0.9151 0.3251 -0.2385
vn -0.2179 -0.9239 -0.3146
vn -0.5261 -0.3827 -0.7595
vn -0.9774 -0.0000 0.2115
vn -0.8407 -0.0000 -0.5415
vn -0.2179 0.9239 -0.3146
vn -0.5261 0.3827 -0.7595
vn 0.5415 -0.0000 -0.8407
vn -0.2115 -0.0000 -0.9774
vn 0.3146 -0.9239 -0.2179
vn 0.7595 -0.3827 -0.5261
vn 0.3146 0.9239 -0.2179
vn 0.7595 0.3827 -0.5261
vn 0.8407 -0.0000 0.5415
vn 0.9774 -0.0000 -0.2115
vn 0.2179 -0.9239 0.3146
vn 0.5261 -0.3827 0.7595
vn 0.2179 0.9239 0.3146
vn 0.5261 0.3827 0.7595
vn -0.5415 -0.0000 0.8407
vn 0.2115 -0.0000 0.9774
vn -0.3146 -0.9239 0.2179
vn -0.7595 -0.3827 0.5261
vn -0.3146 0.9239 0.2179
vn -0.7595 0.3827 0.5261
vn -0.0000 -1.0000 -0.0000
vn -0.5694 -0.0000 -0.8220
vn -0.8220 -0.0000 0.5694
vn -0.0000 1.0000 -0.0000
vn 0.8220 -0.0000 -0.5694
vn 0.5694 -0.0000 0.8220
vt 0.127513 0.717692
vt 0.127513 0.750000
vt 0.126062 0.750000
vt 0.125000 0.717692
vt 0.415000 0.997487
vt 0.415000 1.000000
vt 0.391906 1.000000
vt 0.375000 0.997487
vt 0.415000 0.032308
vt 0.375000 0.032308
vt 0.375000 0.013655
vt 0.415000 0.000000
vt 0.585000 0.997487
vt 0.625000 0.997487
vt 0.625000 0.998938
vt 0.585000 1.000000
vt 0.872487 0.717692
vt 0.875000 0.717692
vt 0.875000 0.736345
vt 0.872487 0.750000
vt 0.585000 0.032308
vt 0.585000 0.000000
vt 0.608094 0.000000
vt 0.625000 0.032308
vt 0.127513 0.532308
vt 0.125000 0.532308
vt 0.125000 0.513655
vt 0.127513 0.500000
vt 0.415000 0.217692
vt 0.415000 0.250000
vt 0.383453 0.250531
vt 0.375000 0.217692
vt 0.415000 0.252513
vt 0.375000 0.252513
vt 0.872487 0.532308
vt 0.872487 0.500000
vt 0.873938 0.500000
vt 0.875000 0.532308
vt 0.585000 0.252513
vt 0.585000 0.250000
vt 0.616547 0.243173
vt 0.625000 0.252513
vt 0.585000 0.217692
vt 0.625000 0.217692
vt 0.372487 0.717692
vt 0.375000 0.717692
vt 0.380635 0.745802
vt 0.373743 0.751257
vt 0.415000 0.717692
vt 0.415000 0.750000
vt 0.415000 0.752513
vt 0.627513 0.717692
vt 0.626257 0.751257
vt 0.619719 0.745448
vt 0.625000 0.717692
vt 0.585000 0.752513
vt 0.585000 0.750000
vt 0.585000 0.717692
vt 0.372487 0.532308
vt 0.373743 0.498743
vt 0.380281 0.504552
vt 0.375000 0.532308
vt 0.415000 0.497487
vt 0.415000 0.500000
vt 0.415000 0.532308
vt 0.627513 0.532308
vt 0.625000 0.532308
vt 0.619365 0.504198
vt 0.626257 0.498743
vt 0.585000 0.532308
vt 0.585000 0.500000
vt 0.585000 0.497487
s 0
f 841/1081/811 844/1082/811 845/1083/811 847/1084/811
f 842/1085/812 846/1086/812 845/1087/812 844/1088/812
f 843/1089/813 847/1090/813 845/1091/813 846/1092/813
f 848/1093/814 851/1094/814 852/1095/814 854/1096/814
f 849/1097/815 853/1098/815 852/1099/815 851/1100/815
f 850/1101/816 854/1102/816 852/1103/816 853/1104/816
f 855/1105/817 858/1106/817 859/1107/817 861/1108/817
f 856/1109/818 860/1110/818 859/1111/818 858/1112/818
f 857/1113/819 861/1114/819 859/1111/819 860/1110/819
f 862/1115/820 865/1116/820 866/1117/820 868/1118/820
f 863/1119/821 867/1120/821 866/1121/821 865/1122/821
f 864/1123/822 868/1124/822 866/1121/822 867/1120/822
f 869/1125/823 872/1126/823 873/1127/823 875/1128/823
f 870/1129/824 874/1130/824 873/1127/824 872/1126/824
f 871/1131/825 875/1128/825 873/1127/825 874/1130/825
f 876/1132/826 879/1133/826 880/1134/826 882/1135/826
f 877/1136/827 881/1137/827 880/1134/827 879/1133/827
f 878/1138/828 882/1135/828 880/1134/828 881/1137/828
f 883/1139/829 886/1140/829 887/1141/829 889/1142/829
f 884/1143/830 888/1144/830 887/1141/830 886/1140/830
f 885/1145/831 889/1142/831 887/1141/831 888/1144/831
f 890/1146/832 893/1147/832 894/1148/832 896/1149/832
f 891/1150/833 895/1151/833 894/1148/833 893/1147/833
f 892/1152/834 896/1149/834 894/1148/834 895/1151/834
f 855/1105/835 841/1081/835 847/1084/835 858/1106/835
f 858/1112/836 847/1090/836 843/1089/836 856/1109/836
f 842/1085/837 848/1093/837 854/1096/837 846/1086/837
f 846/1092/838 854/1102/838 850/1101/838 843/1089/838
f 849/1097/839 862/1115/839 868/1118/839 853/1098/839
f 853/1104/840 868/1124/840 864/1123/840 850/1101/840
f 863/1119/841 857/1113/841 860/1110/841 867/1120/841
f 867/1120/842 860/1110/842 856/1109/842 864/1123/842
f 883/1139/843 855/1105/843 861/1108/843 886/1140/843
f 886/1140/844 861/1114/844 857/1113/844 884/1143/844
f 862/1115/845 890/1146/845 896/1149/845 865/1116/845
f 865/1122/846 896/1149/846 892/1152/846 863/1119/846
f 891/1150/847 885/1145/847 888/1144/847 895/1151/847
f 895/1151/848 888/1144/848 884/1143/848 892/1152/848
f 869/1125/849 883/1139/849 889/1142/849 872/1126/849
f 872/1126/850 889/1142/850 885/1145/850 870/1129/850
f 890/1146/851 876/1132/851 882/1135/851 893/1147/851
f 893/1147/852 882/1135/852 878/1138/852 891/1150/852
f 877/1136/853 871/1131/853 874/1130/853 881/1137/853
f 881/1137/854 874/1130/854 870/1129/854 878/1138/854
f 841/1081/855 869/1125/855 875/1128/855 844/1082/855
f 844/1088/856 875/1128/856 871/1131/856 842/1085/856
f 876/1132/857 849/1097/857 851/1100/857 879/1133/857
f 879/1133/858 851/1094/858 848/1093/858 877/1136/858
f 855/1105/859 883/1139/859 869/1125/859 841/1081/859
f 843/1089/860 850/1101/860 864/1123/860 856/1109/860
f 871/1131/861 877/1136/861 848/1093/861 842/1085/861
f 890/1146/862 862/1115/862 849/1097/862 876/1132/862
f 857/1113/863 863/1119/863 892/1152/863 884/1143/863
f 885/1145/864 891/1150/864 878/1138/864 870/1129/864
o IndexArm
v -0.048200 -0.062500 -0.973200
v -0.065000 -0.045700 -0.973200
v -0.048200 -0.045700 -0.990000
v -0.060079 -0.057579 -0.973200
v -0.057899 -0.055399 -0.982899
v -0.060079 -0.045700 -0.985079
v -0.048200 -0.057579 -0.985079
v -0.065000 0.025700 -0.973200
v -0.048200 0.042500 -0.973200
v -0.048200 0.025700 -0.990000
v -0.060079 0.037579 -0.973200
v -0.057899 0.035399 -0.982899
v -0.048200 0.037579 -0.985079
v -0.060079 0.025700 -0.985079
v 0.048200 -0.062500 -0.973200
v 0.048200 -0.045700 -0.990000
v 0.065000 -0.045700 -0.973200
v 0.048200 -0.057579 -0.985079
v 0.057900 -0.055399 -0.982900
v 0.060079 -0.045700 -0.985079
v 0.060079 -0.057579 -0.973200
v 0.048200 0.042500 -0.973200
v 0.065000 0.025700 -0.973200
v 0.048200 0.025700 -0.990000
v 0.060079 0.037579 -0.973200
v 0.057900 0.035399 -0.982899
v 0.060079 0.025700 -0.985079
v 0.048200 0.037579 -0.985079
v -0.048200 -0.062500 0.973200
v -0.048200 -0.045700 0.990000
v -0.065000 -0.045700 0.973200
v -0.048200 -0.057579 0.985079
v -0.057900 -0.055399 0.982900
v -0.060079 -0.045700 0.985079
v -0.060079 -0.057579 0.973200
v -0.048200 0.042500 0.973200
v -0.065000 0.025700 0.973200
v -0.048200 0.025700 0.990000
v -0.060079 0.037579 0.973200
v -0.057900 0.035399 0.982899
v -0.060079 0.025700 0.985079
v -0.048200 0.037579 0.985079
v 0.048200 -0.062500 0.973200
v 0.065000 -0.045700 0.973200
v 0.048200 -0.045700 0.990000
v 0.060079 -0.057579 0.973200
v 0.057899 -0.055399 0.982899
v 0.060079 -0.045700 0.985079
v 0.048200 -0.057579 0.985079
v 0.048200 0.042500 0.973200
v 0.048200 0.025700 0.990000
v 0.065000 0.025700 0.973200
v 0.048200 0.037579 0.985079
v 0.057899 0.035399 0.982900
v 0.060079 0.025700 0.985079
v 0.060079 0.037579 0.973200
vn -0.3251 -0.8881 -0.3251
vn -0.8881 -0.3251 -0.3251
vn -0.3251 -0.3251 -0.8881
vn -0.8881 0.3251 -0.3251
vn -0.3251 0.8881 -0.3251
vn -0.3251 0.3251 -0.8881
vn 0.3251 -0.8881 -0.3251
vn 0.3251 -0.3251 -0.8881
vn 0.8881 -0.3251 -0.3251
vn 0.3251 0.8881 -0.3251
vn 0.8881 0.3251 -0.3251
vn 0.3251 0.3251 -0.8881
vn -0.3251 -0.8881 0.3251
vn -0.3251 -0.3251 0.8881
vn -0.8881 -0.3251 0.3251
vn -0.3251 0.8881 0.3251
vn -0.8881 0.3251 0.3251
vn -0.3251 0.3251 0.8881
vn 0.3251 -0.8881 0.3251
vn 0.8881 -0.3251 0.3251
vn 0.3251 -0.3251 0.8881
vn 0.3251 0.8881 0.3251
vn 0.3251 0.3251 0.8881
vn 0.8881 0.3251 0.3251
vn -0.0000 -0.9239 -0.3827
vn -0.0000 -0.3827 -0.9239
vn -0.9239 -0.0000 -0.3827
vn -0.3827 -0.0000 -0.9239
vn -0.0000 0.9239 -0.3827
vn -0.0000 0.3827 -0.9239
vn 0.9239 -0.0000 -0.3827
vn 0.3827 -0.0000 -0.9239
vn 0.3827 -0.9239 -0.0000
vn 0.9239 -0.3827 -0.0000
vn 0.3827 0.9239 -0.0000
vn 0.9239 0.3827 -0.0000
vn 0.3827 -0.0000 0.9239
vn 0.9239 -0.0000 0.3827
vn -0.0000 -0.9239 0.3827
vn -0.0000 -0.3827 0.9239
vn -0.0000 0.9239 0.3827
vn -0.0000 0.3827 0.9239
vn -0.9239 -0.0000 0.3827
vn -0.3827 -0.0000 0.9239
vn -0.3827 -0.9239 -0.0000
vn -0.9239 -0.3827 -0.0000
vn -0.3827 0.9239 -0.0000
vn -0.9239 0.3827 -0.0000
vn -0.0000 -1.0000 -0.0000
vn -0.0000 -0.0000 -1.0000
vn -1.0000 -0.0000 -0.0000
vn -0.0000 1.0000 -0.0000
vn 1.0000 -0.0000 -0.0000
vn -0.0000 -0.0000 1.0000
vt 0.127121 0.717692
vt 0.127121 0.750000
vt 0.125897 0.750000
vt 0.125000 0.717692
vt 0.415000 0.997879
vt 0.415000 1.000000
vt 0.391906 1.000000
vt 0.375000 0.997879
vt 0.415000 0.032308
vt 0.375000 0.032308
vt 0.375000 0.013655
vt 0.415000 0.000000
vt 0.585000 0.997879
vt 0.625000 0.997879
vt 0.625000 0.999103
vt 0.585000 1.000000
vt 0.872879 0.717692
vt 0.875000 0.717692
vt 0.875000 0.736345
vt 0.872879 0.750000
vt 0.585000 0.032308
vt 0.585000 0.000000
vt 0.608094 0.000000
vt 0.625000 0.032308
vt 0.127121 0.532308
vt 0.125000 0.532308
vt 0.125000 0.513655
vt 0.127121 0.500000
vt 0.415000 0.217692
vt 0.415000 0.250000
vt 0.383453 0.250448
vt 0.375000 0.217692
vt 0.415000 0.252121
vt 0.375000 0.252121
vt 0.872879 0.532308
vt 0.872879 0.500000
vt 0.874103 0.500000
vt 0.875000 0.532308
vt 0.585000 0.252121
vt 0.585000 0.250000
vt 0.616547 0.243173
vt 0.625000 0.252121
vt 0.585000 0.217692
vt 0.625000 0.217692
vt 0.372879 0.717692
vt 0.375000 0.717692
vt 0.380635 0.745747
vt 0.373939 0.751061
vt 0.415000 0.717692
vt 0.415000 0.750000
vt 0.415000 0.752121
vt 0.627121 0.717692
vt 0.626061 0.751061
vt 0.619664 0.745448
vt 0.625000 0.717692
vt 0.585000 0.752121
vt 0.585000 0.750000
vt 0.585000 0.717692
vt 0.372879 0.532308
vt 0.373939 0.498939
vt 0.380336 0.504552
vt 0.375000 0.532308
vt 0.415000 0.497879
vt 0.415000 0.500000
vt 0.415000 0.532308
vt 0.627121 0.532308
vt 0.625000 0.532308
vt 0.619365 0.504253
vt 0.626061 0.498939
vt 0.585000 0.532308
vt 0.585000 0.500000
vt 0.585000 0.497879
s 0
f 897/1153/865 900/1154/865 901/1155/865 903/1156/865
f 898/1157/866 902/1158/866 901/1159/866 900/1160/866
f 899/1161/867 903/1162/867 901/1163/867 902/1164/867
f 904/1165/868 907/1166/868 908/1167/868 910/1168/868
f 905/1169/869 909/1170/869 908/1171/869 907/1172/869
f 906/1173/870 910/1174/870 908/1175/870 909/1176/870
f 911/1177/871 914/1178/871 915/1179/871 917/1180/871
f 912/1181/872 916/1182/872 915/1183/872 914/1184/872
f 913/1185/873 917/1186/873 915/1183/873 916/1182/873
f 918/1187/874 921/1188/874 922/1189/874 924/1190/874
f 919/1191/875 923/1192/875 922/1193/875 921/1194/875
f 920/1195/876 924/1196/876 922/1193/876 923/1192/876
f 925/1197/877 928/1198/877 929/1199/877 931/1200/877
f 926/1201/878 930/1202/878 929/1199/878 928/1198/878
f 927/1203/879 931/1200/879 929/1199/879 930/1202/879
f 932/1204/880 935/1205/880 936/1206/880 938/1207/880
f 933/1208/881 937/1209/881 936/1206/881 935/1205/881
f 934/1210/882 938/1207/882 936/1206/882 937/1209/882
f 939/1211/883 942/1212/883 943/1213/883 945/1214/883
f 940/1215/884 944/1216/884 943/1213/884 942/1212/884
f 941/1217/885 945/1214/885 943/1213/885 944/1216/885
f 946/1218/886 949/1219/886 950/1220/886 952/1221/886
f 947/1222/887 951/1223/887 950/1220/887 949/1219/887
f 948/1224/888 952/1221/888 950/1220/888 951/1223/888
f 911/1177/889 897/1153/889 903/1156/889 914/1178/889
f 914/1184/890 903/1162/890 899/1161/890 912/1181/890
f 898/1157/891 904/1165/891 910/1168/891 902/1158/891
f 902/1164/892 910/1174/892 906/1173/892 899/1161/892
f 905/1169/893 918/1187/893 924/1190/893 909/1170/893
f 909/1176/894 924/1196/894 920/1195/894 906/1173/894
f 919/1191/895 913/1185/895 916/1182/895 923/1192/895
f 923/1192/896 916/1182/896 912/1181/896 920/1195/896
f 939/1211/897 911/1177/897 917/1180/897 942/1212/897
f 942/1212/898 917/1186/898 913/1185/898 940/1215/898
f 918/1187/899 946/1218/899 952/1221/899 921/1188/899
f 921/1194/900 952/1221/900 948/1224/900 919/1191/900
f 947/1222/901 941/1217/901 944/1216/901 951/1223/901
f 951/1223/902 944/1216/902 940/1215/902 948/1224/902
f 925/1197/903 939/1211/903 945/1214/903 928/1198/903
f 928/1198/904 945/1214/904 941/1217/904 926/1201/904
f 946/1218/905 932/1204/905 938/1207/905 949/1219/905
f 949/1219/906 938/1207/906 934/1210/906 947/1222/906
f 933/1208/907 927/1203/907 930/1202/907 937/1209/907
f 937/1209/908 930/1202/908 926/1201/908 934/1210/908
f 897/1153/909 925/1197/909 931/1200/909 900/1154/909
f 900/1160/910 931/1200/910 927/1203/910 898/1157/910
f 932/1204/911 905/1169/911 907/1172/911 935/1205/911
f 935/1205/912 907/1166/912 904/1165/912 933/1208/912
f 911/1177/913 939/1211/913 925/1197/913 897/1153/913
f 899/1161/914 906/1173/914 920/1195/914 912/1181/914
f 927/1203/915 933/1208/915 904/1165/915 898/1157/915
f 946/1218/916 918/1187/916 905/1169/916 932/1204/916
f 913/1185/917 919/1191/917 948/1224/917 940/1215/917
f 941/1217/918 947/1222/918 934/1210/918 926/1201/918
o IndexMirror
v 0.000000 1.187896 -0.040000
v 0.000000 1.200000 -0.028000
v 0.000000 1.196455 -0.036485
v 0.000000 1.187896 0.060000
v 0.000000 1.200000 0.048000
v 0.000000 1.196455 0.056485
v 0.053808 1.180813 -0.040000
v 0.056940 1.192504 -0.028000
v 0.056023 1.189079 -0.036485
v 0.053808 1.180813 0.060000
v 0.056940 1.192504 0.048000
v 0.056023 1.189079 0.056485
v 0.103948 1.160044 -0.040000
v 0.110000 1.170526 -0.028000
v 0.108227 1.167456 -0.036485
v 0.103948 1.160044 0.060000
v 0.110000 1.170526 0.048000
v 0.108227 1.167456 0.056485
v 0.147005 1.127005 -0.040000
v 0.155563 1.135563 -0.028000
v 0.153057 1.133057 -0.036485
v 0.147005 1.127005 0.060000
v 0.155563 1.135563 0.048000
v 0.153057 1.133057 0.056485
v 0.180044 1.083948 -0.040000
v 0.190526 1.090000 -0.028000
v 0.187455 1.088228 -0.036485
v 0.180044 1.083948 0.060000
v 0.190526 1.090000 0.048000
v 0.187455 1.088228 0.056485
v 0.200813 1.033808 -0.040000
v 0.212504 1.036940 -0.028000
v 0.209079 1.036023 -0.036485
v 0.200813 1.033808 0.060000
v 0.212504 1.036940 0.048000
v 0.209079 1.036023 0.056485
v 0.207896 0.980000 -0.040000
v 0.220000 0.980000 -0.028000
v 0.216455 0.980000 -0.036485
v 0.207896 0.980000 0.060000
v 0.220000 0.980000 0.048000
v 0.216455 0.980000 0.056485
v 0.200813 0.926192 -0.040000
v 0.212504 0.923060 -0.028000
v 0.209079 0.923977 -0.036485
v 0.200813 0.926192 0.060000
v 0.212504 0.923060 0.048000
v 0.209079 0.923977 0.056485
v 0.180044 0.876052 -0.040000
v 0.190526 0.870000 -0.028000
v 0.187455 0.871773 -0.036485
v 0.180044 0.876052 0.060000
v 0.190526 0.870000 0.048000
v 0.187455 0.871773 0.056485
v 0.147005 0.832995 -0.040000
v 0.155563 0.824437 -0.028000
v 0.153057 0.826943 -0.036485
v 0.147005 0.832995 0.060000
v 0.155563 0.824437 0.048000
v 0.153057 0.826943 0.056485
v 0.103948 0.799956 -0.040000
v 0.110000 0.789474 -0.028000
v 0.108227 0.792545 -0.036485
v 0.103948 0.799956 0.060000
v 0.110000 0.789474 0.048000
v 0.108227 0.792545 0.056485
v 0.053808 0.779188 -0.040000
v 0.056940 0.767496 -0.028000
v 0.056023 0.770921 -0.036485
v 0.053808 0.779188 0.060000
v 0.056940 0.767496 0.048000
v 0.056023 0.770921 0.056485
v 0.000000 0.772104 -0.040000
v 0.000000 0.760000 -0.028000
v 0.000000 0.763545 -0.036485
v 0.000000 0.772104 0.060000
v 0.000000 0.760000 0.048000
v 0.000000 0.763545 0.056485
v -0.053808 0.779188 -0.040000
v -0.056940 0.767496 -0.028000
v -0.056023 0.770921 -0.036485
v -0.053808 0.779188 0.060000
v -0.056940 0.767496 0.048000
v -0.056023 0.770921 0.056485
v -0.103948 0.799956 -0.040000
v -0.110000 0.789474 -0.028000
v -0.108227 0.792545 -0.036485
v -0.103948 0.799956 0.060000
v -0.110000 0.789474 0.048000
v -0.108227 0.792545 0.056485
v -0.147005 0.832995 -0.040000
v -0.155563 0.824437 -0.028000
v -0.153057 0.826943 -0.036485
v -0.147005 0.832995 0.060000
v -0.155563 0.824437 0.048000
v -0.153057 0.826943 0.056485
v -0.180044 0.876052 -0.040000
v -0.190526 0.870000 -0.028000
v -0.187455 0.871773 -0.036485
v -0.180044 0.876052 0.060000
v -0.190526 0.870000 0.048000
v -0.187455 0.871773 0.056485
v -0.200813 0.926192 -0.040000
v -0.212504 0.923060 -0.028000
v -0.209079 0.923977 -0.036485
v -0.200813 0.926192 0.060000
v -0.212504 0.923060 0.048000
v -0.209079 0.923977 0.056485
v -0.207896 0.980000 -0.040000
v -0.220000 0.980000 -0.028000
v -0.216455 0.980000 -0.036485
v -0.207896 0.980000 0.060000
v -0.220000 0.980000 0.048000
v -0.216455 0.980000 0.056485
v -0.200813 1.033808 -0.040000
v -0.212504 1.036940 -0.028000
v -0.209079 1.036023 -0.036485
v -0.200813 1.033808 0.060000
v -0.212504 1.036940 0.048000
v -0.209079 1.036023 0.056485
v -0.180044 1.083948 -0.040000
v -0.190526 1.090000 -0.028000
v -0.187455 1.088228 -0.036485
v -0.180044 1.083948 0.060000
v -0.190526 1.090000 0.048000
v -0.187455 1.088228 0.056485
v -0.147005 1.127005 -0.040000
v -0.155563 1.135563 -0.028000
v -0.153057 1.133057 -0.036485
v -0.147005 1.127005 0.060000
v -0.155563 1.135563 0.048000
v -0.153057 1.133057 0.056485
v -0.103948 1.160044 -0.040000
v -0.110000 1.170526 -0.028000
v -0.108227 1.167456 -0.036485
v -0.103948 1.160044 0.060000
v -0.110000 1.170526 0.048000
v -0.108227 1.167456 0.056485
v -0.053808 1.180813 -0.040000
v -0.056940 1.192504 -0.028000
v -0.056023 1.189079 -0.036485
v -0.053808 1.180813 0.060000
v -0.056940 1.192504 0.048000
v -0.056023 1.189079 0.056485
vn 0.1206 0.9160 -0.3827
vn 0.0500 0.3794 -0.9239
vn 0.1206 0.9160 0.3827
vn 0.0500 0.3794 0.9239
vn 0.3536 0.8536 -0.3827
vn 0.1464 0.3536 -0.9239
vn 0.3536 0.8536 0.3827
vn 0.1464 0.3536 0.9239
vn 0.5624 0.7330 -0.3827
vn 0.2330 0.3036 -0.9239
vn 0.5624 0.7330 0.3827
vn 0.2330 0.3036 0.9239
vn 0.7330 0.5624 -0.3827
vn 0.3036 0.2330 -0.9239
vn 0.7330 0.5624 0.3827
vn 0.3036 0.2330 0.9239
vn 0.8536 0.3536 -0.3827
vn 0.3536 0.1464 -0.9239
vn 0.8536 0.3536 0.3827
vn 0.3536 0.1464 0.9239
vn 0.9160 0.1206 -0.3827
vn 0.3794 0.0500 -0.9239
vn 0.9160 0.1206 0.3827
vn 0.3794 0.0500 0.9239
vn 0.9160 -0.1206 -0.3827
vn 0.3794 -0.0500 -0.9239
vn 0.9160 -0.1206 0.3827
vn 0.3794 -0.0500 0.9239
vn 0.8536 -0.3536 -0.3827
vn 0.3536 -0.1464 -0.9239
vn 0.8536 -0.3536 0.3827
vn 0.3536 -0.1464 0.9239
vn 0.7330 -0.5624 -0.3827
vn 0.3036 -0.2330 -0.9239
vn 0.7330 -0.5624 0.3827
vn 0.3036 -0.2330 0.9239
vn 0.5624 -0.7330 -0.3827
vn 0.2330 -0.3036 -0.9239
vn 0.5624 -0.7330 0.3827
vn 0.2330 -0.3036 0.9239
vn 0.3536 -0.8536 -0.3827
vn 0.1464 -0.3536 -0.9239
vn 0.3536 -0.8536 0.3827
vn 0.1464 -0.3536 0.9239
vn 0.1206 -0.9160 -0.3827
vn 0.0500 -0.3794 -0.9239
vn 0.1206 -0.9160 0.3827
vn 0.0500 -0.3794 0.9239
vn -0.1206 -0.9160 -0.3827
vn -0.0500 -0.3794 -0.9239
vn -0.1206 -0.9160 0.3827
vn -0.0500 -0.3794 0.9239
vn -0.3536 -0.8536 -0.3827
vn -0.1464 -0.3536 -0.9239
vn -0.3536 -0.8536 0.3827
vn -0.1464 -0.3536 0.9239
vn -0.5624 -0.7330 -0.3827
vn -0.2330 -0.3036 -0.9239
vn -0.5624 -0.7330 0.3827
vn -0.2330 -0.3036 0.9239
vn -0.7330 -0.5624 -0.3827
vn -0.3036 -0.2330 -0.9239
vn -0.7330 -0.5624 0.3827
vn -0.3036 -0.2330 0.9239
vn -0.8536 -0.3536 -0.3827
vn -0.3536 -0.1464 -0.9239
vn -0.8536 -0.3536 0.3827
vn -0.3536 -0.1464 0.9239
vn -0.9160 -0.1206 -0.3827
vn -0.3794 -0.0500 -0.9239
vn -0.9160 -0.1206 0.3827
vn -0.3794 -0.0500 0.9239
vn -0.9160 0.1206 -0.3827
vn -0.3794 0.0500 -0.9239
vn -0.9160 0.1206 0.3827
vn -0.3794 0.0500 0.9239
vn -0.8536 0.3536 -0.3827
vn -0.3536 0.1464 -0.9239
vn -0.8536 0.3536 0.3827
vn -0.3536 0.1464 0.9239
vn -0.7330 0.5624 -0.3827
vn -0.3036 0.2330 -0.9239
vn -0.7330 0.5624 0.3827
vn -0.3036 0.2330 0.9239
vn -0.5624 0.7330 -0.3827
vn -0.2330 0.3036 -0.9239
vn -0.5624 0.7330 0.3827
vn -0.2330 0.3036 0.9239
vn -0.3536 0.8536 -0.3827
vn -0.1464 0.3536 -0.9239
vn -0.3536 0.8536 0.3827
vn -0.1464 0.3536 0.9239
vn -0.1206 0.9160 -0.3827
vn -0.0500 0.3794 -0.9239
vn -0.1206 0.9160 0.3827
vn -0.0500 0.3794 0.9239
vn -0.0000 -0.0000 -1.0000
vn 0.1305 0.9914 -0.0000
vn -0.1305 0.9914 -0.0000
vn -0.0000 -0.0000 1.0000
vn 0.3827 0.9239 -0.0000
vn 0.6088 0.7934 -0.0000
vn 0.7934 0.6088 -0.0000
vn 0.9239 0.3827 -0.0000
vn 0.9914 0.1305 -0.0000
vn 0.9914 -0.1305 -0.0000
vn 0.9239 -0.3827 -0.0000
vn 0.7934 -0.6088 -0.0000
vn 0.6088 -0.7934 -0.0000
vn 0.3827 -0.9239 -0.0000
vn 0.1305 -0.9914 -0.0000
vn -0.1305 -0.9914 -0.0000
vn -0.3827 -0.9239 -0.0000
vn -0.6088 -0.7934 -0.0000
vn -0.7934 -0.6088 -0.0000
vn -0.9239 -0.3827 -0.0000
vn -0.9914 -0.1305 -0.0000
vn -0.9914 0.1305 -0.0000
vn -0.9239 0.3827 -0.0000
vn -0.7934 0.6088 -0.0000
vn -0.6088 0.7934 -0.0000
vn -0.3827 0.9239 -0.0000
vt 1.000000 0.560000
vt 0.958333 0.560000
vt 0.958333 0.500000
vt 0.999664 0.500000
vt 0.750000 0.489934
vt 0.812100 0.481759
vt 0.808699 0.469068
vt 0.750000 0.476796
vt 0.958333 0.940000
vt 1.000000 0.940000
vt 0.999664 1.000000
vt 0.958333 1.000000
vt 0.312100 0.481759
vt 0.250000 0.489934
vt 0.250000 0.476796
vt 0.308699 0.469068
vt 0.916667 0.560000
vt 0.916667 0.500000
vt 0.869967 0.457789
vt 0.863398 0.446411
vt 0.916667 0.940000
vt 0.916667 1.000000
vt 0.369967 0.457789
vt 0.363398 0.446411
vt 0.875000 0.560000
vt 0.875000 0.500000
vt 0.919659 0.419659
vt 0.910369 0.410369
vt 0.875000 0.940000
vt 0.875000 1.000000
vt 0.419659 0.419659
vt 0.410369 0.410369
vt 0.833333 0.560000
vt 0.833333 0.500000
vt 0.957789 0.369967
vt 0.946411 0.363398
vt 0.833333 0.940000
vt 0.833333 1.000000
vt 0.457789 0.369967
vt 0.446411 0.363398
vt 0.791667 0.560000
vt 0.791667 0.500000
vt 0.981759 0.312100
vt 0.969068 0.308699
vt 0.791667 0.940000
vt 0.791667 1.000000
vt 0.481759 0.312100
vt 0.469068 0.308699
vt 0.750000 0.560000
vt 0.750000 0.500000
vt 0.989934 0.250000
vt 0.976796 0.250000
vt 0.750000 0.940000
vt 0.750000 1.000000
vt 0.489934 0.250000
vt 0.476796 0.250000
vt 0.708333 0.560000
vt 0.708333 0.500000
vt 0.981759 0.187900
vt 0.969068 0.191301
vt 0.708333 0.940000
vt 0.708333 1.000000
vt 0.481759 0.187900
vt 0.469068 0.191301
vt 0.666667 0.560000
vt 0.666667 0.500000
vt 0.957789 0.130033
vt 0.946411 0.136602
vt 0.666667 0.940000
vt 0.666666 1.000000
vt 0.457789 0.130033
vt 0.446411 0.136602
vt 0.625000 0.560000
vt 0.625000 0.500000
vt 0.919659 0.080341
vt 0.910369 0.089631
vt 0.625000 0.940000
vt 0.625000 1.000000
vt 0.419659 0.080341
vt 0.410369 0.089631
vt 0.583333 0.560000
vt 0.583333 0.500000
vt 0.869967 0.042211
vt 0.863398 0.053589
vt 0.583333 0.940000
vt 0.583333 1.000000
vt 0.369967 0.042211
vt 0.363398 0.053589
vt 0.541667 0.560000
vt 0.541666 0.500000
vt 0.812100 0.018241
vt 0.808699 0.030932
vt 0.541667 0.940000
vt 0.541667 1.000000
vt 0.312100 0.018241
vt 0.308699 0.030932
vt 0.500000 0.560000
vt 0.500000 0.500000
vt 0.750000 0.010066
vt 0.750000 0.023204
vt 0.500000 0.940000
vt 0.500000 1.000000
vt 0.250000 0.010066
vt 0.250000 0.023204
vt 0.458333 0.560000
vt 0.458333 0.500000
vt 0.687901 0.018241
vt 0.691301 0.030932
vt 0.458333 0.940000
vt 0.458333 1.000000
vt 0.187900 0.018241
vt 0.191301 0.030932
vt 0.416666 0.560000
vt 0.416666 0.500000
vt 0.630033 0.042211
vt 0.636602 0.053589
vt 0.416666 0.940000
vt 0.416666 1.000000
vt 0.130033 0.042211
vt 0.136602 0.053589
vt 0.375000 0.560000
vt 0.375000 0.500000
vt 0.580341 0.080341
vt 0.589631 0.089631
vt 0.375000 0.940000
vt 0.375000 1.000000
vt 0.080341 0.080341
vt 0.089631 0.089631
vt 0.333333 0.560000
vt 0.333333 0.500000
vt 0.542211 0.130033
vt 0.553589 0.136602
vt 0.333333 0.940000
vt 0.333333 1.000000
vt 0.042211 0.130033
vt 0.053589 0.136602
vt 0.291667 0.560000
vt 0.291667 0.500000
vt 0.518241 0.187900
vt 0.530932 0.191301
vt 0.291667 0.940000
vt 0.291666 1.000000
vt 0.018241 0.187900
vt 0.030932 0.191301
vt 0.250000 0.560000
vt 0.250000 0.500000
vt 0.510066 0.250000
vt 0.523204 0.250000
vt 0.250000 0.940000
vt 0.250000 1.000000
vt 0.010066 0.250000
vt 0.023204 0.250000
vt 0.208333 0.560000
vt 0.208333 0.500000
vt 0.518241 0.312100
vt 0.530932 0.308699
vt 0.208333 0.940000
vt 0.208333 1.000000
vt 0.018241 0.312100
vt 0.030932 0.308699
vt 0.166666 0.560000
vt 0.166666 0.500000
vt 0.542211 0.369967
vt 0.553589 0.363398
vt 0.166666 0.940000
vt 0.166666 1.000000
vt 0.042211 0.369967
vt 0.053589 0.363398
vt 0.125000 0.560000
vt 0.125000 0.500000
vt 0.580341 0.419659
vt 0.589631 0.410369
vt 0.125000 0.940000
vt 0.125000 1.000000
vt 0.080341 0.419659
vt 0.089631 0.410369
vt 0.083333 0.560000
vt 0.083333 0.500000
vt 0.630033 0.457789
vt 0.636602 0.446411
vt 0.083333 0.940000
vt 0.083333 1.000000
vt 0.130033 0.457789
vt 0.136602 0.446411
vt 0.041666 0.560000
vt 0.041666 0.500000
vt 0.687901 0.481759
vt 0.691301 0.469068
vt 0.041666 0.940000
vt 0.041666 1.000000
vt 0.187900 0.481759
vt 0.191301 0.469068
vt -0.000000 0.560000
vt 0.000336 0.500000
vt -0.000000 0.940000
vt 0.000336 1.000000
s 0
f 954/1225/919 960/1226/919 961/1227/919 955/1228/919
f 955/1229/920 961/1230/920 959/1231/920 953/1232/920
f 963/1233/921 957/1234/921 958/1235/921 964/1236/921
f 964/1237/922 958/1238/922 956/1239/922 962/1240/922
f 960/1226/923 966/1241/923 967/1242/923 961/1227/923
f 961/1230/924 967/1243/924 965/1244/924 959/1231/924
f 969/1245/925 963/1233/925 964/1236/925 970/1246/925
f 970/1247/926 964/1237/926 962/1240/926 968/1248/926
f 966/1241/927 972/1249/927 973/1250/927 967/1242/927
f 967/1243/928 973/1251/928 971/1252/928 965/1244/928
f 975/1253/929 969/1245/929 970/1246/929 976/1254/929
f 976/1255/930 970/1247/930 968/1248/930 974/1256/930
f 972/1249/931 978/1257/931 979/1258/931 973/1250/931
f 973/1251/932 979/1259/932 977/1260/932 971/1252/932
f 981/1261/933 975/1253/933 976/1254/933 982/1262/933
f 982/1263/934 976/1255/934 974/1256/934 980/1264/934
f 978/1257/935 984/1265/935 985/1266/935 979/1258/935
f 979/1259/936 985/1267/936 983/1268/936 977/1260/936
f 987/1269/937 981/1261/937 982/1262/937 988/1270/937
f 988/1271/938 982/1263/938 980/1264/938 986/1272/938
f 984/1265/939 990/1273/939 991/1274/939 985/1266/939
f 985/1267/940 991/1275/940 989/1276/940 983/1268/940
f 993/1277/941 987/1269/941 988/1270/941 994/1278/941
f 994/1279/942 988/1271/942 986/1272/942 992/1280/942
f 990/1273/943 996/1281/943 997/1282/943 991/1274/943
f 991/1275/944 997/1283/944 995/1284/944 989/1276/944
f 999/1285/945 993/1277/945 994/1278/945 1000/1286/945
f 1000/1287/946 994/1279/946 992/1280/946 998/1288/946
f 996/1281/947 1002/1289/947 1003/1290/947 997/1282/947
f 997/1283/948 1003/1291/948 1001/1292/948 995/1284/948
f 1005/1293/949 999/1285/949 1000/1286/949 1006/1294/949
f 1006/1295/950 1000/1287/950 998/1288/950 1004/1296/950
f 1002/1289/951 1008/1297/951 1009/1298/951 1003/1290/951
f 1003/1291/952 1009/1299/952 1007/1300/952 1001/1292/952
f 1011/1301/953 1005/1293/953 1006/1294/953 1012/1302/953
f 1012/1303/954 1006/1295/954 1004/1296/954 1010/1304/954
f 1008/1297/955 1014/1305/955 1015/1306/955 1009/1298/955
f 1009/1299/956 1015/1307/956 1013/1308/956 1007/1300/956
f 1017/1309/957 1011/1301/957 1012/1302/957 1018/1310/957
f 1018/1311/958 1012/1303/958 1010/1304/958 1016/1312/958
f 1014/1305/959 1020/1313/959 1021/1314/959 1015/1306/959
f 1015/1307/960 1021/1315/960 1019/1316/960 1013/1308/960
f 1023/1317/961 1017/1309/961 1018/1310/961 1024/1318/961
f 1024/1319/962 1018/1311/962 1016/1312/962 1022/1320/962
f 1020/1313/963 1026/1321/963 1027/1322/963 1021/1314/963
f 1021/1315/964 1027/1323/964 1025/1324/964 1019/1316/964
f 1029/1325/965 1023/1317/965 1024/1318/965 1030/1326/965
f 1030/1327/966 1024/1319/966 1022/1320/966 1028/1328/966
f 1026/1321/967 1032/1329/967 1033/1330/967 1027/1322/967
f 1027/1323/968 1033/1331/968 1031/1332/968 1025/1324/968
f 1035/1333/969 1029/1325/969 1030/1326/969 1036/1334/969
f 1036/1335/970 1030/1327/970 1028/1328/970 1034/1336/970
f 1032/1329/971 1038/1337/971 1039/1338/971 1033/1330/971
f 1033/1331/972 1039/1339/972 1037/1340/972 1031/1332/972
f 1041/1341/973 1035/1333/973 1036/1334/973 1042/1342/973
f 1042/1343/974 1036/1335/974 1034/1336/974 1040/1344/974
f 1038/1337/975 1044/1345/975 1045/1346/975 1039/1338/975
f 1039/1339/976 1045/1347/976 1043/1348/976 1037/1340/976
f 1047/1349/977 1041/1341/977 1042/1342/977 1048/1350/977
f 1048/1351/978 1042/1343/978 1040/1344/978 1046/1352/978
f 1044/1345/979 1050/1353/979 1051/1354/979 1045/1346/979
f 1045/1347/980 1051/1355/980 1049/1356/980 1043/1348/980
f 1053/1357/981 1047/1349/981 1048/1350/981 1054/1358/981
f 1054/1359/982 1048/1351/982 1046/1352/982 1052/1360/982
f 1050/1353/983 1056/1361/983 1057/1362/983 1051/1354/983
f 1051/1355/984 1057/1363/984 1055/1364/984 1049/1356/984
f 1059/1365/985 1053/1357/985 1054/1358/985 1060/1366/985
f 1060/1367/986 1054/1359/986 1052/1360/986 1058/1368/986
f 1056/1361/987 1062/1369/987 1063/1370/987 1057/1362/987
f 1057/1363/988 1063/1371/988 1061/1372/988 1055/1364/988
f 1065/1373/989 1059/1365/989 1060/1366/989 1066/1374/989
f 1066/1375/990 1060/1367/990 1058/1368/990 1064/1376/990
f 1062/1369/991 1068/1377/991 1069/1378/991 1063/1370/991
f 1063/1371/992 1069/1379/992 1067/1380/992 1061/1372/992
f 1071/1381/993 1065/1373/993 1066/1374/993 1072/1382/993
f 1072/1383/994 1066/1375/994 1064/1376/994 1070/1384/994
f 1068/1377/995 1074/1385/995 1075/1386/995 1069/1378/995
f 1069/1379/996 1075/1387/996 1073/1388/996 1067/1380/996
f 1077/1389/997 1071/1381/997 1072/1382/997 1078/1390/997
f 1078/1391/998 1072/1383/998 1070/1384/998 1076/1392/998
f 1074/1385/999 1080/1393/999 1081/1394/999 1075/1386/999
f 1075/1387/1000 1081/1395/1000 1079/1396/1000 1073/1388/1000
f 1083/1397/1001 1077/1389/1001 1078/1390/1001 1084/1398/1001
f 1084/1399/1002 1078/1391/1002 1076/1392/1002 1082/1400/1002
f 1080/1393/1003 1086/1401/1003 1087/1402/1003 1081/1394/1003
f 1081/1395/1004 1087/1403/1004 1085/1404/1004 1079/1396/1004
f 1089/1405/1005 1083/1397/1005 1084/1398/1005 1090/1406/1005
f 1090/1407/1006 1084/1399/1006 1082/1400/1006 1088/1408/1006
f 1086/1401/1007 1092/1409/1007 1093/1410/1007 1087/1402/1007
f 1087/1403/1008 1093/1411/1008 1091/1412/1008 1085/1404/1008
f 1095/1413/1009 1089/1405/1009 1090/1406/1009 1096/1414/1009
f 1096/1415/1010 1090/1407/1010 1088/1408/1010 1094/1416/1010
f 1092/1409/1011 954/1417/1011 955/1418/1011 1093/1410/1011
f 1093/1411/1012 955/1229/1012 953/1232/1012 1091/1412/1012
f 957/1419/1013 1095/1413/1013 1096/1414/1013 958/1420/1013
f 958/1238/1014 1096/1415/1014 1094/1416/1014 956/1239/1014
f 953/1232/1015 959/1231/1015 965/1244/1015 971/1252/1015 977/1260/1015 983/1268/1015 989/1276/1015 995/1284/1015 1001/1292/1015 1007/1300/1015 1013/1308/1015 1019/1316/1015 1025/1324/1015 1031/1332/1015 1037/1340/1015 1043/1348/1015 1049/1356/1015 1055/1364/1015 1061/1372/1015 1067/1380/1015 1073/1388/1015 1079/1396/1015 1085/1404/1015 1091/1412/1015
f 954/1225/1016 957/1234/1016 963/1233/1016 960/1226/1016
f 1092/1409/1017 1095/1413/1017 957/1419/1017 954/1417/1017
f 962/1240/1018 956/1239/1018 1094/1416/1018 1088/1408/1018 1082/1400/1018 1076/1392/1018 1070/1384/1018 1064/1376/1018 1058/1368/1018 1052/1360/1018 1046/1352/1018 1040/1344/1018 1034/1336/1018 1028/1328/1018 1022/1320/1018 1016/1312/1018 1010/1304/1018 1004/1296/1018 998/1288/1018 992/1280/1018 986/1272/1018 980/1264/1018 974/1256/1018 968/1248/1018
f 960/1226/1019 963/1233/1019 969/1245/1019 966/1241/1019
f 966/1241/1020 969/1245/1020 975/1253/1020 972/1249/1020
f 972/1249/1021 975/1253/1021 981/1261/1021 978/1257/1021
f 978/1257/1022 981/1261/1022 987/1269/1022 984/1265/1022
f 984/1265/1023 987/1269/1023 993/1277/1023 990/1273/1023
f 990/1273/1024 993/1277/1024 999/1285/1024 996/1281/1024
f 996/1281/1025 999/1285/1025 1005/1293/1025 1002/1289/1025
f 1002/1289/1026 1005/1293/1026 1011/1301/1026 1008/1297/1026
f 1008/1297/1027 1011/1301/1027 1017/1309/1027 1014/1305/1027
f 1014/1305/1028 1017/1309/1028 1023/1317/1028 1020/1313/1028
f 1020/1313/1029 1023/1317/1029 1029/1325/1029 1026/1321/1029
f 1026/1321/1030 1029/1325/1030 1035/1333/1030 1032/1329/1030
f 1032/1329/1031 1035/1333/1031 1041/1341/1031 1038/1337/1031
f 1038/1337/1032 1041/1341/1032 1047/1349/1032 1044/1345/1032
f 1044/1345/1033 1047/1349/1033 1053/1357/1033 1050/1353/1033
f 1050/1353/1034 1053/1357/1034 1059/1365/1034 1056/1361/1034
f 1056/1361/1035 1059/1365/1035 1065/1373/1035 1062/1369/1035
f 1062/1369/1036 1065/1373/1036 1071/1381/1036 1068/1377/1036
f 1068/1377/1037 1071/1381/1037 1077/1389/1037 1074/1385/1037
f 1074/1385/1038 1077/1389/1038 1083/1397/1038 1080/1393/1038
f 1080/1393/1039 1083/1397/1039 1089/1405/1039 1086/1401/1039
f 1086/1401/1040 1089/1405/1040 1095/1413/1040 1092/1409/1040
o HorizonMirror
v -0.500000 0.627850 -0.035000
v -0.500000 0.640000 -0.023000
v -0.500000 0.636441 -0.031485
v -0.500000 0.627850 0.055000
v -0.500000 0.640000 0.043000
v -0.500000 0.636441 0.051485
v -0.454312 0.620614 -0.035000
v -0.450557 0.632169 -0.023000
v -0.451657 0.628785 -0.031485
v -0.454312 0.620614 0.055000
v -0.450557 0.632169 0.043000
v -0.451657 0.628785 0.051485
v -0.413096 0.599613 -0.035000
v -0.405954 0.609443 -0.023000
v -0.408046 0.606564 -0.031485
v -0.413096 0.599613 0.055000
v -0.405954 0.609443 0.043000
v -0.408046 0.606564 0.051485
v -0.380387 0.566904 -0.035000
v -0.370557 0.574046 -0.023000
v -0.373436 0.571954 -0.031485
v -0.380387 0.566904 0.055000
v -0.370557 0.574046 0.043000
v -0.373436 0.571954 0.051485
v -0.359386 0.525688 -0.035000
v -0.347831 0.529443 -0.023000
v -0.351215 0.528343 -0.031485
v -0.359386 0.525688 0.055000
v -0.347831 0.529443 0.043000
v -0.351215 0.528343 0.051485
v -0.352150 0.480000 -0.035000
v -0.340000 0.480000 -0.023000
v -0.343559 0.480000 -0.031485
v -0.352150 0.480000 0.055000
v -0.340000 0.480000 0.043000
v -0.343559 0.480000 0.051485
v -0.359386 0.434312 -0.035000
v -0.347831 0.430557 -0.023000
v -0.351215 0.431657 -0.031485
v -0.359386 0.434312 0.055000
v -0.347831 0.430557 0.043000
v -0.351215 0.431657 0.051485
v -0.380387 0.393096 -0.035000
v -0.370557 0.385954 -0.023000
v -0.373436 0.388046 -0.031485
v -0.380387 0.393096 0.055000
v -0.370557 0.385954 0.043000
v -0.373436 0.388046 0.051485
v -0.413096 0.360386 -0.035000
v -0.405954 0.350557 -0.023000
v -0.408046 0.353436 -0.031485
v -0.413096 0.360386 0.055000
v -0.405954 0.350557 0.043000
v -0.408046 0.353436 0.051485
v -0.454312 0.339386 -0.035000
v -0.450557 0.327831 -0.023000
v -0.451657 0.331215 -0.031485
v -0.454312 0.339386 0.055000
v -0.450557 0.327831 0.043000
v -0.451657 0.331215 0.051485
v -0.500000 0.332150 -0.035000
v -0.500000 0.320000 -0.023000
v -0.500000 0.323559 -0.031485
v -0.500000 0.332150 0.055000
v -0.500000 0.320000 0.043000
v -0.500000 0.323559 0.051485
v -0.545688 0.339386 -0.035000
v -0.549443 0.327831 -0.023000
v -0.548343 0.331215 -0.031485
v -0.545688 0.339386 0.055000
v -0.549443 0.327831 0.043000
v -0.548343 0.331215 0.051485
v -0.586904 0.360386 -0.035000
v -0.594046 0.350557 -0.023000
v -0.591954 0.353436 -0.031485
v -0.586904 0.360386 0.055000
v -0.594046 0.350557 0.043000
v -0.591954 0.353436 0.051485
v -0.619614 0.393096 -0.035000
v -0.629443 0.385954 -0.023000
v -0.626564 0.388046 -0.031485
v -0.619614 0.393096 0.055000
v -0.629443 0.385954 0.043000
v -0.626564 0.388046 0.051485
v -0.640614 0.434312 -0.035000
v -0.652169 0.430557 -0.023000
v -0.648785 0.431657 -0.031485
v -0.640614 0.434312 0.055000
v -0.652169 0.430557 0.043000
v -0.648785 0.431657 0.051485
v -0.647850 0.480000 -0.035000
v -0.660000 0.480000 -0.023000
v -0.656441 0.480000 -0.031485
v -0.647850 0.480000 0.055000
v -0.660000 0.480000 0.043000
v -0.656441 0.480000 0.051485
v -0.640614 0.525688 -0.035000
v -0.652169 0.529443 -0.023000
v -0.648785 0.528343 -0.031485
v -0.640614 0.525688 0.055000
v -0.652169 0.529443 0.043000
v -0.648785 0.528343 0.051485
v -0.619614 0.566904 -0.035000
v -0.629443 0.574046 -0.023000
v -0.626564 0.571954 -0.031485
v -0.619614 0.566904 0.055000
v -0.629443 0.574046 0.043000
v -0.626564 0.571954 0.051485
v -0.586904 0.599613 -0.035000
v -0.594046 0.609443 -0.023000
v -0.591954 0.606564 -0.031485
v -0.586904 0.599613 0.055000
v -0.594046 0.609443 0.043000
v -0.591954 0.606564 0.051485
v -0.545688 0.620614 -0.035000
v -0.549443 0.632169 -0.023000
v -0.548343 0.628785 -0.031485
v -0.545688 0.620614 0.055000
v -0.549443 0.632169 0.043000
v -0.548343 0.628785 0.051485
vn 0.1445 0.9125 -0.3827
vn 0.0599 0.3780 -0.9239
vn 0.1445 0.9125 0.3827
vn 0.0599 0.3780 0.9239
vn 0.4194 0.8232 -0.3827
vn 0.1737 0.3410 -0.9239
vn 0.4194 0.8232 0.3827
vn 0.1737 0.3410 0.9239
vn 0.6533 0.6533 -0.3827
vn 0.2706 0.2706 -0.9239
vn 0.6533 0.6533 0.3827
vn 0.2706 0.2706 0.9239
vn 0.8232 0.4194 -0.3827
vn 0.3410 0.1737 -0.9239
vn 0.8232 0.4194 0.3827
vn 0.3410 0.1737 0.9239
vn 0.9125 0.1445 -0.3827
vn 0.3780 0.0599 -0.9239
vn 0.9125 0.1445 0.3827
vn 0.3780 0.0599 0.9239
vn 0.9125 -0.1445 -0.3827
vn 0.3780 -0.0599 -0.9239
vn 0.9125 -0.1445 0.3827
vn 0.3780 -0.0599 0.9239
vn 0.8232 -0.4194 -0.3827
vn 0.3410 -0.1737 -0.9239
vn 0.8232 -0.4194 0.3827
vn 0.3410 -0.1737 0.9239
vn 0.6533 -0.6533 -0.3827
vn 0.2706 -0.2706 -0.9239
vn 0.6533 -0.6533 0.3827
vn 0.2706 -0.2706 0.9239
vn 0.4194 -0.8232 -0.3827
vn 0.1737 -0.3410 -0.9239
vn 0.4194 -0.8232 0.3827
vn 0.1737 -0.3410 0.9239
vn 0.1445 -0.9125 -0.3827
vn 0.0599 -0.3780 -0.9239
vn 0.1445 -0.9125 0.3827
vn 0.0599 -0.3780 0.9239
vn -0.1445 -0.9125 -0.3827
vn -0.0599 -0.3780 -0.9239
vn -0.1445 -0.9125 0.3827
vn -0.0599 -0.3780 0.9239
vn -0.4194 -0.8232 -0.3827
vn -0.1737 -0.3410 -0.9239
vn -0.4194 -0.8232 0.3827
vn -0.1737 -0.3410 0.9239
vn -0.6533 -0.6533 -0.3827
vn -0.2706 -0.2706 -0.9239
vn -0.6533 -0.6533 0.3827
vn -0.2706 -0.2706 0.9239
vn -0.8232 -0.4194 -0.3827
vn -0.3410 -0.1737 -0.9239
vn -0.8232 -0.4194 0.3827
vn -0.3410 -0.1737 0.9239
vn -0.9125 -0.1445 -0.3827
vn -0.3780 -0.0599 -0.9239
vn -0.9125 -0.1445 0.3827
vn -0.3780 -0.0599 0.9239
vn -0.9125 0.1445 -0.3827
vn -0.3780 0.0599 -0.9239
vn -0.9125 0.1445 0.3827
vn -0.3780 0.0599 0.9239
vn -0.8232 0.4194 -0.3827
vn -0.3410 0.1737 -0.9239
vn -0.8232 0.4194 0.3827
vn -0.3410 0.1737 0.9239
vn -0.6533 0.6533 -0.3827
vn -0.2706 0.2706 -0.9239
vn -0.6533 0.6533 0.3827
vn -0.2706 0.2706 0.9239
vn -0.4194 0.8232 -0.3827
vn -0.1737 0.3410 -0.9239
vn -0.4194 0.8232 0.3827
vn -0.1737 0.3410 0.9239
vn -0.1445 0.9125 -0.3827
vn -0.0599 0.3780 -0.9239
vn -0.1445 0.9125 0.3827
vn -0.0599 0.3780 0.9239
vn -0.0000 -0.0000 -1.0000
vn 0.1564 0.9877 -0.0000
vn -0.1564 0.9877 -0.0000
vn -0.0000 -0.0000 1.0000
vn 0.4540 0.8910 -0.0000
vn 0.7071 0.7071 -0.0000
vn 0.8910 0.4540 -0.0000
vn 0.9877 0.1564 -0.0000
vn 0.9877 -0.1564 -0.0000
vn 0.8910 -0.4540 -0.0000
vn 0.7071 -0.7071 -0.0000
vn 0.4540 -0.8910 -0.0000
vn 0.1564 -0.9877 -0.0000
vn -0.1564 -0.9877 -0.0000
vn -0.4540 -0.8910 -0.0000
vn -0.7071 -0.7071 -0.0000
vn -0.8910 -0.4540 -0.0000
vn -0.9877 -0.1564 -0.0000
vn -0.9877 0.1564 -0.0000
vn -0.8910 0.4540 -0.0000
vn -0.7071 0.7071 -0.0000
vn -0.4540 0.8910 -0.0000
vt 1.000000 0.566667
vt 0.950000 0.566667
vt 0.950000 0.500000
vt 0.999444 0.500000
vt 0.750000 0.489869
vt 0.824124 0.478129
vt 0.818533 0.460921
vt 0.750000 0.471776
vt 0.950000 0.933333
vt 1.000000 0.933333
vt 0.999444 1.000000
vt 0.950000 1.000000
vt 0.324124 0.478129
vt 0.250000 0.489869
vt 0.250000 0.471776
vt 0.318533 0.460921
vt 0.900000 0.566667
vt 0.900000 0.500000
vt 0.890992 0.444058
vt 0.880356 0.429420
vt 0.900000 0.933333
vt 0.900000 1.000000
vt 0.390992 0.444058
vt 0.380356 0.429420
vt 0.850000 0.566667
vt 0.850000 0.500000
vt 0.944058 0.390992
vt 0.929420 0.380356
vt 0.850000 0.933333
vt 0.850000 1.000000
vt 0.444058 0.390992
vt 0.429420 0.380356
vt 0.800000 0.566667
vt 0.800000 0.500000
vt 0.978129 0.324124
vt 0.960921 0.318532
vt 0.800000 0.933333
vt 0.800000 1.000000
vt 0.478129 0.324124
vt 0.460921 0.318533
vt 0.750000 0.566667
vt 0.750000 0.500000
vt 0.989869 0.250000
vt 0.971776 0.250000
vt 0.750000 0.933333
vt 0.750000 1.000000
vt 0.489869 0.250000
vt 0.471776 0.250000
vt 0.700000 0.566667
vt 0.700000 0.500000
vt 0.978129 0.175876
vt 0.960921 0.181468
vt 0.700000 0.933333
vt 0.700000 1.000000
vt 0.478129 0.175876
vt 0.460921 0.181468
vt 0.650000 0.566667
vt 0.650000 0.500000
vt 0.944058 0.109008
vt 0.929420 0.119644
vt 0.650000 0.933333
vt 0.650000 1.000000
vt 0.444058 0.109008
vt 0.429420 0.119644
vt 0.600000 0.566667
vt 0.600000 0.500000
vt 0.890992 0.055942
vt 0.880356 0.070580
vt 0.600000 0.933333
vt 0.600000 1.000000
vt 0.390992 0.055942
vt 0.380356 0.070580
vt 0.550000 0.566667
vt 0.550000 0.500000
vt 0.824124 0.021871
vt 0.818533 0.039079
vt 0.550000 0.933333
vt 0.550000 1.000000
vt 0.324124 0.021871
vt 0.318533 0.039079
vt 0.500000 0.566667
vt 0.500000 0.500000
vt 0.750000 0.010131
vt 0.750000 0.028224
vt 0.500000 0.933333
vt 0.500000 1.000000
vt 0.250000 0.010131
vt 0.250000 0.028224
vt 0.450000 0.566667
vt 0.450000 0.500000
vt 0.675876 0.021871
vt 0.681468 0.039079
vt 0.450000 0.933333
vt 0.450000 1.000000
vt 0.175876 0.021871
vt 0.181468 0.039079
vt 0.400000 0.566667
vt 0.400000 0.500000
vt 0.609008 0.055942
vt 0.619644 0.070580
vt 0.400000 0.933333
vt 0.400000 1.000000
vt 0.109008 0.055942
vt 0.119644 0.070580
vt 0.350000 0.566667
vt 0.350000 0.500000
vt 0.555942 0.109008
vt 0.570580 0.119644
vt 0.350000 0.933333
vt 0.350000 1.000000
vt 0.055942 0.109008
vt 0.070580 0.119644
vt 0.300000 0.566667
vt 0.300000 0.500000
vt 0.521871 0.175876
vt 0.539079 0.181468
vt 0.300000 0.933333
vt 0.300000 1.000000
vt 0.021871 0.175876
vt 0.039079 0.181468
vt 0.250000 0.566667
vt 0.250000 0.500000
vt 0.510131 0.250000
vt 0.528224 0.250000
vt 0.250000 0.933333
vt 0.250000 1.000000
vt 0.010131 0.250000
vt 0.028224 0.250000
vt 0.200000 0.566667
vt 0.200000 0.500000
vt 0.521871 0.324124
vt 0.539079 0.318532
vt 0.200000 0.933333
vt 0.200000 1.000000
vt 0.021871 0.324124
vt 0.039079 0.318532
vt 0.150000 0.566667
vt 0.150000 0.500000
vt 0.555942 0.390992
vt 0.570580 0.380356
vt 0.150000 0.933333
vt 0.150000 1.000000
vt 0.055942 0.390992
vt 0.070580 0.380356
vt 0.100000 0.566667
vt 0.100000 0.500000
vt 0.609008 0.444058
vt 0.619644 0.429420
vt 0.100000 0.933333
vt 0.100000 1.000000
vt 0.109008 0.444058
vt 0.119644 0.429420
vt 0.050000 0.566667
vt 0.050000 0.500000
vt 0.675876 0.478129
vt 0.681468 0.460921
vt 0.050000 0.933333
vt 0.050000 1.000000
vt 0.175876 0.478129
vt 0.181468 0.460921
vt -0.000000 0.566667
vt 0.000556 0.500000
vt -0.000000 0.933333
vt 0.000556 1.000000
s 0
f 1098/1421/1041 1104/1422/1041 1105/1423/1041 1099/1424/1041
f 1099/1425/1042 1105/1426/1042 1103/1427/1042 1097/1428/1042
f 1107/1429/1043 1101/1430/1043 1102/1431/1043 1108/1432/1043
f 1108/1433/1044 1102/1434/1044 1100/1435/1044 1106/1436/1044
f 1104/1422/1045 1110/1437/1045 1111/1438/1045 1105/1423/1045
f 1105/1426/1046 1111/1439/1046 1109/1440/1046 1103/1427/1046
f 1113/1441/1047 1107/1429/1047 1108/1432/1047 1114/1442/1047
f 1114/1443/1048 1108/1433/1048 1106/1436/1048 1112/1444/1048
f 1110/1437/1049 1116/1445/1049 1117/1446/1049 1111/1438/1049
f 1111/1439/1050 1117/1447/1050 1115/1448/1050 1109/1440/1050
f 1119/1449/1051 1113/1441/1051 1114/1442/1051 1120/1450/1051
f 1120/1451/1052 1114/1443/1052 1112/1444/1052 1118/1452/1052
f 1116/1445/1053 1122/1453/1053 1123/1454/1053 1117/1446/1053
f 1117/1447/1054 1123/1455/1054 1121/1456/1054 1115/1448/1054
f 1125/1457/1055 1119/1449/1055 1120/1450/1055 1126/1458/1055
f 1126/1459/1056 1120/1451/1056 1118/1452/1056 1124/1460/1056
f 1122/1453/1057 1128/1461/1057 1129/1462/1057 1123/1454/1057
f 1123/1455/1058 1129/1463/1058 1127/1464/1058 1121/1456/1058
f 1131/1465/1059 1125/1457/1059 1126/1458/1059 1132/1466/1059
f 1132/1467/1060 1126/1459/1060 1124/1460/1060 1130/1468/1060
f 1128/1461/1061 1134/1469/1061 1135/1470/1061 1129/1462/1061
f 1129/1463/1062 1135/1471/1062 1133/1472/1062 1127/1464/1062
f 1137/1473/1063 1131/1465/1063 1132/1466/1063 1138/1474/1063
f 1138/1475/1064 1132/1467/1064 1130/1468/1064 1136/1476/1064
f 1134/1469/1065 1140/1477/1065 1141/1478/1065 1135/1470/1065
f 1135/1471/1066 1141/1479/1066 1139/1480/1066 1133/1472/1066
f 1143/1481/1067 1137/1473/1067 1138/1474/1067 1144/1482/1067
f 1144/1483/1068 1138/1475/1068 1136/1476/1068 1142/1484/1068
f 1140/1477/1069 1146/1485/1069 1147/1486/1069 1141/1478/1069
f 1141/1479/1070 1147/1487/1070 1145/1488/1070 1139/1480/1070
f 1149/1489/1071 1143/1481/1071 1144/1482/1071 1150/1490/1071
f 1150/1491/1072 1144/1483/1072 1142/1484/1072 1148/1492/1072
f 1146/1485/1073 1152/1493/1073 1153/1494/1073 1147/1486/1073
f 1147/1487/1074 1153/1495/1074 1151/1496/1074 1145/1488/1074
f 1155/1497/1075 1149/1489/1075 1150/1490/1075 1156/1498/1075
f 1156/1499/1076 1150/1491/1076 1148/1492/1076 1154/1500/1076
f 1152/1493/1077 1158/1501/1077 1159/1502/1077 1153/1494/1077
f 1153/1495/1078 1159/1503/1078 1157/1504/1078 1151/1496/1078
f 1161/1505/1079 1155/1497/1079 1156/1498/1079 1162/1506/1079
f 1162/1507/1080 1156/1499/1080 1154/1500/1080 1160/1508/1080
f 1158/1501/1081 1164/1509/1081 1165/1510/1081 1159/1502/1081
f 1159/1503/1082 1165/1511/1082 1163/1512/1082 1157/1504/1082
f 1167/1513/1083 1161/1505/1083 1162/1506/1083 1168/1514/1083
f 1168/1515/1084 1162/1507/1084 1160/1508/1084 1166/1516/1084
f 1164/1509/1085 1170/1517/1085 1171/1518/1085 1165/1510/1085
f 1165/1511/1086 1171/1519/1086 1169/1520/1086 1163/1512/1086
f 1173/1521/1087 1167/1513/1087 1168/1514/1087 1174/1522/1087
f 1174/1523/1088 1168/1515/1088 1166/1516/1088 1172/1524/1088
f 1170/1517/1089 1176/1525/1089 1177/1526/1089 1171/1518/1089
f 1171/1519/1090 1177/1527/1090 1175/1528/1090 1169/1520/1090
f 1179/1529/1091 1173/1521/1091 1174/1522/1091 1180/1530/1091
f 1180/1531/1092 1174/1523/1092 1172/1524/1092 1178/1532/1092
f 1176/1525/1093 1182/1533/1093 1183/1534/1093 1177/1526/1093
f 1177/1527/1094 1183/1535/1094 1181/1536/1094 1175/1528/1094
f 1185/1537/1095 1179/1529/1095 1180/1530/1095 1186/1538/1095
f 1186/1539/1096 1180/1531/1096 1178/1532/1096 1184/1540/1096
f 1182/1533/1097 1188/1541/1097 1189/1542/1097 1183/1534/1097
f 1183/1535/1098 1189/1543/1098 1187/1544/1098 1181/1536/1098
f 1191/1545/1099 1185/1537/1099 1186/1538/1099 1192/1546/1099
f 1192/1547/1100 1186/1539/1100 1184/1540/1100 1190/1548/1100
f 1188/1541/1101 1194/1549/1101 1195/1550/1101 1189/1542/1101
f 1189/1543/1102 1195/1551/1102 1193/1552/1102 1187/1544/1102
f 1197/1553/1103 1191/1545/1103 1192/1546/1103 1198/1554/1103
f 1198/1555/1104 1192/1547/1104 1190/1548/1104 1196/1556/1104
f 1194/1549/1105 1200/1557/1105 1201/1558/1105 1195/1550/1105
f 1195/1551/1106 1201/1559/1106 1199/1560/1106 1193/1552/1106
f 1203/1561/1107 1197/1553/1107 1198/1554/1107 1204/1562/1107
f 1204/1563/1108 1198/1555/1108 1196/1556/1108 1202/1564/1108
f 1200/1557/1109 1206/1565/1109 1207/1566/1109 1201/1558/1109
f 1201/1559/1110 1207/1567/1110 1205/1568/1110 1199/1560/1110
f 1209/1569/1111 1203/1561/1111 1204/1562/1111 1210/1570/1111
f 1210/1571/1112 1204/1563/1112 1202/1564/1112 1208/1572/1112
f 1206/1565/1113 1212/1573/1113 1213/1574/1113 1207/1566/1113
f 1207/1567/1114 1213/1575/1114 1211/1576/1114 1205/1568/1114
f 1215/1577/1115 1209/1569/1115 1210/1570/1115 1216/1578/1115
f 1216/1579/1116 1210/1571/1116 1208/1572/1116 1214/1580/1116
f 1212/1573/1117 1098/1581/1117 1099/1582/1117 1213/1574/1117
f 1213/1575/1118 1099/1425/1118 1097/1428/1118 1211/1576/1118
f 1101/1583/1119 1215/1577/1119 1216/1578/1119 1102/1584/1119
f 1102/1434/1120 1216/1579/1120 1214/1580/1120 1100/1435/1120
f 1097/1428/1121 1103/1427/1121 1109/1440/1121 1115/1448/1121 1121/1456/1121 1127/1464/1121 1133/1472/1121 1139/1480/1121 1145/1488/1121 1151/1496/1121 1157/1504/1121 1163/1512/1121 1169/1520/1121 1175/1528/1121 1181/1536/1121 1187/1544/1121 1193/1552/1121 1199/1560/1121 1205/1568/1121 1211/1576/1121
f 1098/1421/1122 1101/1430/1122 1107/1429/1122 1104/1422/1122
f 1212/1573/1123 1215/1577/1123 1101/1583/1123 1098/1581/1123
f 1106/1436/1124 1100/1435/1124 1214/1580/1124 1208/1572/1124 1202/1564/1124 1196/1556/1124 1190/1548/1124 1184/1540/1124 1178/1532/1124 1172/1524/1124 1166/1516/1124 1160/1508/1124 1154/1500/1124 1148/1492/1124 1142/1484/1124 1136/1476/1124 1130/1468/1124 1124/1460/1124 1118/1452/1124 1112/1444/1124
f 1104/1422/1125 1107/1429/1125 1113/1441/1125 1110/1437/1125
f 1110/1437/1126 1113/1441/1126 1119/1449/1126 1116/1445/1126
f 1116/1445/1127 1119/1449/1127 1125/1457/1127 1122/1453/1127
f 1122/1453/1128 1125/1457/1128 1131/1465/1128 1128/1461/1128
f 1128/1461/1129 1131/1465/1129 1137/1473/1129 1134/1469/1129
f 1134/1469/1130 1137/1473/1130 1143/1481/1130 1140/1477/1130
f 1140/1477/1131 1143/1481/1131 1149/1489/1131 1146/1485/1131
f 1146/1485/1132 1149/1489/1132 1155/1497/1132 1152/1493/1132
f 1152/1493/1133 1155/1497/1133 1161/1505/1133 1158/1501/1133
f 1158/1501/1134 1161/1505/1134 1167/1513/1134 1164/1509/1134
f 1164/1509/1135 1167/1513/1135 1173/1521/1135 1170/1517/1135
f 1170/1517/1136 1173/1521/1136 1179/1529/1136 1176/1525/1136
f 1176/1525/1137 1179/1529/1137 1185/1537/1137 1182/1533/1137
f 1182/1533/1138 1185/1537/1138 1191/1545/1138 1188/1541/1138
f 1188/1541/1139 1191/1545/1139 1197/1553/1139 1194/1549/1139
f 1194/1549/1140 1197/1553/1140 1203/1561/1140 1200/1557/1140
f 1200/1557/1141 1203/1561/1141 1209/1569/1141 1206/1565/1141
f 1206/1565/1142 1209/1569/1142 1215/1577/1142 1212/1573/1142
o PivotCap
v -0.000000 1.057850 -0.020000
v 0.000000 1.070000 -0.008000
v -0.000000 1.066442 -0.016485
v 0.000000 1.057850 0.180000
v 0.000000 1.070000 0.168000
v 0.000000 1.066442 0.176485
v 0.024057 1.054040 -0.020000
v 0.027812 1.065595 -0.008000
v 0.026712 1.062211 -0.016485
v 0.024057 1.054040 0.180000
v 0.027812 1.065595 0.168000
v 0.026712 1.062211 0.176485
v 0.045759 1.042982 -0.020000
v 0.052901 1.052812 -0.008000
v 0.050809 1.049933 -0.016485
v 0.045759 1.042982 0.180000
v 0.052901 1.052812 0.168000
v 0.050809 1.049933 0.176485
v 0.062982 1.025759 -0.020000
v 0.072812 1.032901 -0.008000
v 0.069933 1.030809 -0.016485
v 0.062982 1.025759 0.180000
v 0.072812 1.032901 0.168000
v 0.069933 1.030809 0.176485
v 0.074040 1.004057 -0.020000
v 0.085595 1.007812 -0.008000
v 0.082211 1.006712 -0.016485
v 0.074040 1.004057 0.180000
v 0.085595 1.007812 0.168000
v 0.082211 1.006712 0.176485
v 0.077850 0.980000 -0.020000
v 0.090000 0.980000 -0.008000
v 0.086441 0.980000 -0.016485
v 0.077850 0.980000 0.180000
v 0.090000 0.980000 0.168000
v 0.086441 0.980000 0.176485
v 0.074040 0.955943 -0.020000
v 0.085595 0.952188 -0.008000
v 0.082211 0.953288 -0.016485
v 0.074040 0.955943 0.180000
v 0.085595 0.952188 0.168000
v 0.082211 0.953288 0.176485
v 0.062982 0.934241 -0.020000
v 0.072812 0.927099 -0.008000
v 0.069933 0.929191 -0.016485
v 0.062982 0.934241 0.180000
v 0.072812 0.927099 0.168000
v 0.069933 0.929191 0.176485
v 0.045759 0.917018 -0.020000
v 0.052901 0.907188 -0.008000
v 0.050809 0.910067 -0.016485
v 0.045759 0.917018 0.180000
v 0.052901 0.907188 0.168000
v 0.050809 0.910067 0.176485
v 0.024057 0.905960 -0.020000
v 0.027812 0.894405 -0.008000
v 0.026712 0.897789 -0.016485
v 0.024057 0.905960 0.180000
v 0.027812 0.894405 0.168000
v 0.026712 0.897789 0.176485
v 0.000000 0.902150 -0.020000
v 0.000000 0.890000 -0.008000
v 0.000000 0.893559 -0.016485
v -0.000000 0.902150 0.180000
v 0.000000 0.890000 0.168000
v -0.000000 0.893559 0.176485
v -0.024057 0.905960 -0.020000
v -0.027812 0.894405 -0.008000
v -0.026712 0.897789 -0.016485
v -0.024057 0.905960 0.180000
v -0.027812 0.894405 0.168000
v -0.026712 0.897789 0.176485
v -0.045759 0.917018 -0.020000
v -0.052901 0.907188 -0.008000
v -0.050809 0.910067 -0.016485
v -0.045759 0.917018 0.180000
v -0.052901 0.907188 0.168000
v -0.050809 0.910067 0.176485
v -0.062982 0.934241 -0.020000
v -0.072812 0.927099 -0.008000
v -0.069933 0.929191 -0.016485
v -0.062982 0.934241 0.180000
v -0.072812 0.927099 0.168000
v -0.069933 0.929191 0.176485
v -0.074040 0.955943 -0.020000
v -0.085595 0.952188 -0.008000
v -0.082211 0.953288 -0.016485
v -0.074040 0.955943 0.180000
v -0.085595 0.952188 0.168000
v -0.082211 0.953288 0.176485
v -0.077850 0.980000 -0.020000
v -0.090000 0.980000 -0.008000
v -0.086441 0.980000 -0.016485
v -0.077850 0.980000 0.180000
v -0.090000 0.980000 0.168000
v -0.086441 0.980000 0.176485
v -0.074040 1.004057 -0.020000
v -0.085595 1.007812 -0.008000
v -0.082211 1.006712 -0.016485
v -0.074040 1.004057 0.180000
v -0.085595 1.007812 0.168000
v -0.082211 1.006712 0.176485
v -0.062982 1.025759 -0.020000
v -0.072812 1.032901 -0.008000
v -0.069933 1.030809 -0.016485
v -0.062982 1.025759 0.180000
v -0.072812 1.032901 0.168000
v -0.069933 1.030809 0.176485
v -0.045759 1.042982 -0.020000
v -0.052901 1.052812 -0.008000
v -0.050809 1.049933 -0.016485
v -0.045759 1.042982 0.180000
v -0.052901 1.052812 0.168000
v -0.050809 1.049933 0.176485
v -0.024057 1.054040 -0.020000
v -0.027812 1.065595 -0.008000
v -0.026712 1.062211 -0.016485
v -0.024057 1.054040 0.180000
v -0.027812 1.065595 0.168000
v -0.026712 1.062211 0.176485
vn 0.1445 0.9125 -0.3827
vn 0.0599 0.3780 -0.9239
vn 0.1445 0.9125 0.3827
vn 0.0599 0.3780 0.9239
vn 0.4194 0.8232 -0.3827
vn 0.1737 0.3410 -0.9239
vn 0.4194 0.8232 0.3827
vn 0.1737 0.3410 0.9239
vn 0.6533 0.6533 -0.3827
vn 0.2706 0.2706 -0.9239
vn 0.6533 0.6533 0.3827
vn 0.2706 0.2706 0.9239
vn 0.8232 0.4194 -0.3827
vn 0.3410 0.1737 -0.9239
vn 0.8232 0.4194 0.3827
vn 0.3410 0.1737 0.9239
vn 0.9125 0.1445 -0.3827
vn 0.3780 0.0599 -0.9239
vn 0.9125 0.1445 0.3827
vn 0.3780 0.0599 0.9239
vn 0.9125 -0.1445 -0.3827
vn 0.3780 -0.0599 -0.9239
vn 0.9125 -0.1445 0.3827
vn 0.3780 -0.0599 0.9239
vn 0.8232 -0.4194 -0.3827
vn 0.3410 -0.1737 -0.9239
vn 0.8232 -0.4194 0.3827
vn 0.3410 -0.1737 0.9239
vn 0.6533 -0.6533 -0.3827
vn 0.2706 -0.2706 -0.9239
vn 0.6533 -0.6533 0.3827
vn 0.2706 -0.2706 0.9239
vn 0.4194 -0.8232 -0.3827
vn 0.1737 -0.3410 -0.9239
vn 0.4194 -0.8232 0.3827
vn 0.1737 -0.3410 0.9239
vn 0.1445 -0.9125 -0.3827
vn 0.0599 -0.3780 -0.9239
vn 0.1445 -0.9125 0.3827
vn 0.0599 -0.3780 0.9239
vn -0.1445 -0.9125 -0.3827
vn -0.0599 -0.3780 -0.9239
vn -0.1445 -0.9125 0.3827
vn -0.0599 -0.3780 0.9239
vn -0.4194 -0.8232 -0.3827
vn -0.1737 -0.3410 -0.9239
vn -0.4194 -0.8232 0.3827
vn -0.1737 -0.3410 0.9239
vn -0.6533 -0.6533 -0.3827
vn -0.2706 -0.2706 -0.9239
vn -0.6533 -0.6533 0.3827
vn -0.2706 -0.2706 0.9239
vn -0.8232 -0.4194 -0.3827
vn -0.3410 -0.1737 -0.9239
vn -0.8232 -0.4194 0.3827
vn -0.3410 -0.1737 0.9239
vn -0.9125 -0.1445 -0.3827
vn -0.3780 -0.0599 -0.9239
vn -0.9125 -0.1445 0.3827
vn -0.3780 -0.0599 0.9239
vn -0.9125 0.1445 -0.3827
vn -0.3780 0.0599 -0.9239
vn -0.9125 0.1445 0.3827
vn -0.3780 0.0599 0.9239
vn -0.8232 0.4194 -0.3827
vn -0.3410 0.1737 -0.9239
vn -0.8232 0.4194 0.3827
vn -0.3410 0.1737 0.9239
vn -0.6533 0.6533 -0.3827
vn -0.2706 0.2706 -0.9239
vn -0.6533 0.6533 0.3827
vn -0.2706 0.2706 0.9239
vn -0.4194 0.8232 -0.3827
vn -0.1737 0.3410 -0.9239
vn -0.4194 0.8232 0.3827
vn -0.1737 0.3410 0.9239
vn -0.1445 0.9125 -0.3827
vn -0.0599 0.3780 -0.9239
vn -0.1445 0.9125 0.3827
vn -0.0599 0.3780 0.9239
vn -0.0000 -0.0000 -1.0000
vn 0.1564 0.9877 -0.0000
vn -0.1564 0.9877 -0.0000
vn -0.0000 -0.0000 1.0000
vn 0.4540 0.8910 -0.0000
vn 0.7071 0.7071 -0.0000
vn 0.8910 0.4540 -0.0000
vn 0.9877 0.1564 -0.0000
vn 0.9877 -0.1564 -0.0000
vn 0.8910 -0.4540 -0.0000
vn 0.7071 -0.7071 -0.0000
vn 0.4540 -0.8910 -0.0000
vn 0.1564 -0.9877 -0.0000
vn -0.1564 -0.9877 -0.0000
vn -0.4540 -0.8910 -0.0000
vn -0.7071 -0.7071 -0.0000
vn -0.8910 -0.4540 -0.0000
vn -0.9877 -0.1564 -0.0000
vn -0.9877 0.1564 -0.0000
vn -0.8910 0.4540 -0.0000
vn -0.7071 0.7071 -0.0000
vn -0.4540 0.8910 -0.0000
vt 1.000000 0.530000
vt 0.950000 0.530000
vt 0.950000 0.500000
vt 0.999012 0.500000
vt 0.750000 0.489768
vt 0.824092 0.478033
vt 0.814152 0.447440
vt 0.750000 0.457601
vt 0.950000 0.970000
vt 1.000000 0.970000
vt 0.999012 1.000000
vt 0.950000 1.000000
vt 0.324092 0.478033
vt 0.250000 0.489768
vt 0.250000 0.457601
vt 0.314152 0.447441
vt 0.900000 0.530000
vt 0.900000 0.500000
vt 0.890932 0.443976
vt 0.872025 0.417953
vt 0.900000 0.970000
vt 0.900000 1.000000
vt 0.390932 0.443976
vt 0.372025 0.417953
vt 0.850000 0.530000
vt 0.850000 0.500000
vt 0.943976 0.390932
vt 0.917953 0.372025
vt 0.850000 0.970000
vt 0.850000 1.000000
vt 0.443976 0.390932
vt 0.417953 0.372025
vt 0.800000 0.530000
vt 0.800000 0.500000
vt 0.978033 0.324092
vt 0.947441 0.314152
vt 0.800000 0.970000
vt 0.800000 1.000000
vt 0.478033 0.324092
vt 0.447440 0.314152
vt 0.750000 0.530000
vt 0.750000 0.500000
vt 0.989768 0.250000
vt 0.957601 0.250000
vt 0.750000 0.970000
vt 0.750000 1.000000
vt 0.489768 0.250000
vt 0.457601 0.250000
vt 0.700000 0.530000
vt 0.700000 0.500000
vt 0.978033 0.175908
vt 0.947440 0.185848
vt 0.700000 0.970000
vt 0.700000 1.000000
vt 0.478033 0.175908
vt 0.447440 0.185848
vt 0.650000 0.530000
vt 0.650000 0.500000
vt 0.943976 0.109068
vt 0.917953 0.127975
vt 0.650000 0.970000
vt 0.650000 1.000000
vt 0.443976 0.109068
vt 0.417953 0.127975
vt 0.600000 0.530000
vt 0.600000 0.500000
vt 0.890932 0.056024
vt 0.872025 0.082047
vt 0.600000 0.970000
vt 0.600000 1.000000
vt 0.390932 0.056024
vt 0.372025 0.082047
vt 0.550000 0.530000
vt 0.550000 0.500000
vt 0.824092 0.021967
vt 0.814152 0.052560
vt 0.550000 0.970000
vt 0.550000 1.000000
vt 0.324092 0.021967
vt 0.314152 0.052560
vt 0.500000 0.530000
vt 0.500000 0.500000
vt 0.750000 0.010232
vt 0.750000 0.042399
vt 0.500000 0.970000
vt 0.500000 1.000000
vt 0.250000 0.010232
vt 0.250000 0.042399
vt 0.450000 0.530000
vt 0.450000 0.500000
vt 0.675908 0.021967
vt 0.685848 0.052560
vt 0.450000 0.970000
vt 0.450000 1.000000
vt 0.175908 0.021967
vt 0.185848 0.052560
vt 0.400000 0.530000
vt 0.400000 0.500000
vt 0.609068 0.056024
vt 0.627975 0.082047
vt 0.400000 0.970000
vt 0.400000 1.000000
vt 0.109068 0.056024
vt 0.127975 0.082047
vt 0.350000 0.530000
vt 0.350000 0.500000
vt 0.556024 0.109068
vt 0.582047 0.127975
vt 0.350000 0.970000
vt 0.350000 1.000000
vt 0.056024 0.109068
vt 0.082047 0.127975
vt 0.300000 0.530000
vt 0.300000 0.500000
vt 0.521967 0.175908
vt 0.552560 0.185848
vt 0.300000 0.970000
vt 0.300000 1.000000
vt 0.021967 0.175908
vt 0.052560 0.185848
vt 0.250000 0.530000
vt 0.250000 0.500000
vt 0.510232 0.250000
vt 0.542399 0.250000
vt 0.250000 0.970000
vt 0.250000 1.000000
vt 0.010232 0.250000
vt 0.042399 0.250000
vt 0.200000 0.530000
vt 0.200000 0.500000
vt 0.521967 0.324092
vt 0.552559 0.314152
vt 0.200000 0.970000
vt 0.200000 1.000000
vt 0.021967 0.324092
vt 0.052560 0.314152
vt 0.150000 0.530000
vt 0.150000 0.500000
vt 0.556024 0.390932
vt 0.582047 0.372025
vt 0.150000 0.970000
vt 0.150000 1.000000
vt 0.056024 0.390932
vt 0.082047 0.372025
vt 0.100000 0.530000
vt 0.100000 0.500000
vt 0.609068 0.443976
vt 0.627975 0.417953
vt 0.100000 0.970000
vt 0.100000 1.000000
vt 0.109068 0.443976
vt 0.127975 0.417953
vt 0.050000 0.530000
vt 0.050000 0.500000
vt 0.675908 0.478033
vt 0.685848 0.447441
vt 0.050000 0.970000
vt 0.050000 1.000000
vt 0.175908 0.478033
vt 0.185848 0.447440
vt -0.000000 0.530000
vt 0.000988 0.500000
vt -0.000000 0.970000
vt 0.000988 1.000000
s 0
f 1218/1585/1143 1224/1586/1143 1225/1587/1143 1219/1588/1143
f 1219/1589/1144 1225/1590/1144 1223/1591/1144 1217/1592/1144
f 1227/1593/1145 1221/1594/1145 1222/1595/1145 1228/1596/1145
f 1228/1597/1146 1222/1598/1146 1220/1599/1146 1226/1600/1146
f 1224/1586/1147 1230/1601/1147 1231/1602/1147 1225/1587/1147
f 1225/1590/1148 1231/1603/1148 1229/1604/1148 1223/1591/1148
f 1233/1605/1149 1227/1593/1149 1228/1596/1149 1234/1606/1149
f 1234/1607/1150 1228/1597/1150 1226/1600/1150 1232/1608/1150
f 1230/1601/1151 1236/1609/1151 1237/1610/1151 1231/1602/1151
f 1231/1603/1152 1237/1611/1152 1235/1612/1152 1229/1604/1152
f 1239/1613/1153 1233/1605/1153 1234/1606/1153 1240/1614/1153
f 1240/1615/1154 1234/1607/1154 1232/1608/1154 1238/1616/1154
f 1236/1609/1155 1242/1617/1155 1243/1618/1155 1237/1610/1155
f 1237/1611/1156 1243/1619/1156 1241/1620/1156 1235/1612/1156
f 1245/1621/1157 1239/1613/1157 1240/1614/1157 1246/1622/1157
f 1246/1623/1158 1240/1615/1158 1238/1616/1158 1244/1624/1158
f 1242/1617/1159 1248/1625/1159 1249/1626/1159 1243/1618/1159
f 1243/1619/1160 1249/1627/1160 1247/1628/1160 1241/1620/1160
f 1251/1629/1161 1245/1621/1161 1246/1622/1161 1252/1630/1161
f 1252/1631/1162 1246/1623/1162 1244/1624/1162 1250/1632/1162
f 1248/1625/1163 1254/1633/1163 1255/1634/1163 1249/1626/1163
f 1249/1627/1164 1255/1635/1164 1253/1636/1164 1247/1628/1164
f 1257/1637/1165 1251/1629/1165 1252/1630/1165 1258/1638/1165
f 1258/1639/1166 1252/1631/1166 1250/1632/1166 1256/1640/1166
f 1254/1633/1167 1260/1641/1167 1261/1642/1167 1255/1634/1167
f 1255/1635/1168 1261/1643/1168 1259/1644/1168 1253/1636/1168
f 1263/1645/1169 1257/1637/1169 1258/1638/1169 1264/1646/1169
f 1264/1647/1170 1258/1639/1170 1256/1640/1170 1262/1648/1170
f 1260/1641/1171 1266/1649/1171 1267/1650/1171 1261/1642/1171
f 1261/1643/1172 1267/1651/1172 1265/1652/1172 1259/1644/1172
f 1269/1653/1173 1263/1645/1173 1264/1646/1173 1270/1654/1173
f 1270/1655/1174 1264/1647/1174 1262/1648/1174 1268/1656/1174
f 1266/1649/1175 1272/1657/1175 1273/1658/1175 1267/1650/1175
f 1267/1651/1176 1273/1659/1176 1271/1660/1176 1265/1652/1176
f 1275/1661/1177 1269/1653/1177 1270/1654/1177 1276/1662/1177
f 1276/1663/1178 1270/1655/1178 1268/1656/1178 1274/1664/1178
f 1272/1657/1179 1278/1665/1179 1279/1666/1179 1273/1658/1179
f 1273/1659/1180 1279/1667/1180 1277/1668/1180 1271/1660/1180
f 1281/1669/1181 1275/1661/1181 1276/1662/1181 1282/1670/1181
f 1282/1671/1182 1276/1663/1182 1274/1664/1182 1280/1672/1182
f 1278/1665/1183 1284/1673/1183 1285/1674/1183 1279/1666/1183
f 1279/1667/1184 1285/1675/1184 1283/1676/1184 1277/1668/1184
f 1287/1677/1185 1281/1669/1185 1282/1670/1185 1288/1678/1185
f 1288/1679/1186 1282/1671/1186 1280/1672/1186 1286/1680/1186
f 1284/1673/1187 1290/1681/1187 1291/1682/1187 1285/1674/1187
f 1285/1675/1188 1291/1683/1188 1289/1684/1188 1283/1676/1188
f 1293/1685/1189 1287/1677/1189 1288/1678/1189 1294/1686/1189
f 1294/1687/1190 1288/1679/1190 1286/1680/1190 1292/1688/1190
f 1290/1681/1191 1296/1689/1191 1297/1690/1191 1291/1682/1191
f 1291/1683/1192 1297/1691/1192 1295/1692/1192 1289/1684/1192
f 1299/1693/1193 1293/1685/1193 1294/1686/1193 1300/1694/1193
f 1300/1695/1194 1294/1687/1194 1292/1688/1194 1298/1696/1194
f 1296/1689/1195 1302/1697/1195 1303/1698/1195 1297/1690/1195
f 1297/1691/1196 1303/1699/1196 1301/1700/1196 1295/1692/1196
f 1305/1701/1197 1299/1693/1197 1300/1694/1197 1306/1702/1197
f 1306/1703/1198 1300/1695/1198 1298/1696/1198 1304/1704/1198
f 1302/1697/1199 1308/1705/1199 1309/1706/1199 1303/1698/1199
f 1303/1699/1200 1309/1707/1200 1307/1708/1200 1301/1700/1200
f 1311/1709/1201 1305/1701/1201 1306/1702/1201 1312/1710/1201
f 1312/1711/1202 1306/1703/1202 1304/1704/1202 1310/1712/1202
f 1308/1705/1203 1314/1713/1203 1315/1714/1203 1309/1706/1203
f 1309/1707/1204 1315/1715/1204 1313/1716/1204 1307/1708/1204
f 1317/1717/1205 1311/1709/1205 1312/1710/1205 1318/1718/1205
f 1318/1719/1206 1312/1711/1206 1310/1712/1206 1316/1720/1206
f 1314/1713/1207 1320/1721/1207 1321/1722/1207 1315/1714/1207
f 1315/1715/1208 1321/1723/1208 1319/1724/1208 1313/1716/1208
f 1323/1725/1209 1317/1717/1209 1318/1718/1209 1324/1726/1209
f 1324/1727/1210 1318/1719/1210 1316/1720/1210 1322/1728/1210
f 1320/1721/1211 1326/1729/1211 1327/1730/1211 1321/1722/1211
f 1321/1723/1212 1327/1731/1212 1325/1732/1212 1319/1724/1212
f 1329/1733/1213 1323/1725/1213 1324/1726/1213 1330/1734/1213
f 1330/1735/1214 1324/1727/1214 1322/1728/1214 1328/1736/1214
f 1326/1729/1215 1332/1737/1215 1333/1738/1215 1327/1730/1215
f 1327/1731/1216 1333/1739/1216 1331/1740/1216 1325/1732/1216
f 1335/1741/1217 1329/1733/1217 1330/1734/1217 1336/1742/1217
f 1336/1743/1218 1330/1735/1218 1328/1736/1218 1334/1744/1218
f 1332/1737/1219 1218/1745/1219 1219/1746/1219 1333/1738/1219
f 1333/1739/1220 1219/1589/1220 1217/1592/1220 1331/1740/1220
f 1221/1747/1221 1335/1741/1221 1336/1742/1221 1222/1748/1221
f 1222/1598/1222 1336/1743/1222 1334/1744/1222 1220/1599/1222
f 1217/1592/1223 1223/1591/1223 1229/1604/1223 1235/1612/1223 1241/1620/1223 1247/1628/1223 1253/1636/1223 1259/1644/1223 1265/1652/1223 1271/1660/1223 1277/1668/1223 1283/1676/1223 1289/1684/1223 1295/1692/1223 1301/1700/1223 1307/1708/1223 1313/1716/1223 1319/1724/1223 1325/1732/1223 1331/1740/1223
f 1218/1585/1224 1221/1594/1224 1227/1593/1224 1224/1586/1224
f 1332/1737/1225 1335/1741/1225 1221/1747/1225 1218/1745/1225
f 1226/1600/1226 1220/1599/1226 1334/1744/1226 1328/1736/1226 1322/1728/1226 1316/1720/1226 1310/1712/1226 1304/1704/1226 1298/1696/1226 1292/1688/1226 1286/1680/1226 1280/1672/1226 1274/1664/1226 1268/1656/1226 1262/1648/1226 1256/1640/1226 1250/1632/1226 1244/1624/1226 1238/1616/1226 1232/1608/1226
f 1224/1586/1227 1227/1593/1227 1233/1605/1227 1230/1601/1227
f 1230/1601/1228 1233/1605/1228 1239/1613/1228 1236/1609/1228
f 1236/1609/1229 1239/1613/1229 1245/1621/1229 1242/1617/1229
f 1242/1617/1230 1245/1621/1230 1251/1629/1230 1248/1625/1230
f 1248/1625/1231 1251/1629/1231 1257/1637/1231 1254/1633/1231
f 1254/1633/1232 1257/1637/1232 1263/1645/1232 1260/1641/1232
f 1260/1641/1233 1263/1645/1233 1269/1653/1233 1266/1649/1233
f 1266/1649/1234 1269/1653/1234 1275/1661/1234 1272/1657/1234
f 1272/1657/1235 1275/1661/1235 1281/1669/1235 1278/1665/1235
f 1278/1665/1236 1281/1669/1236 1287/1677/1236 1284/1673/1236
f 1284/1673/1237 1287/1677/1237 1293/1685/1237 1290/1681/1237
f 1290/1681/1238 1293/1685/1238 1299/1693/1238 1296/1689/1238
f 1296/1689/1239 1299/1693/1239 1305/1701/1239 1302/1697/1239
f 1302/1697/1240 1305/1701/1240 1311/1709/1240 1308/1705/1240
f 1308/1705/1241 1311/1709/1241 1317/1717/1241 1314/1713/1241
f 1314/1713/1242 1317/1717/1242 1323/1725/1242 1320/1721/1242
f 1320/1721/1243 1323/1725/1243 1329/1733/1243 1326/1729/1243
f 1326/1729/1244 1329/1733/1244 1335/1741/1244 1332/1737/1244
o TelescopeTube
v -0.740000 0.480000 -0.112815
v -0.728000 0.480000 -0.125000
v -0.736485 0.480000 -0.121431
v 0.540000 0.480000 -0.112815
v 0.528000 0.480000 -0.125000
v 0.536485 0.480000 -0.121431
v -0.740000 0.448255 -0.107217
v -0.728000 0.444088 -0.118668
v -0.736485 0.445309 -0.115314
v 0.540000 0.448255 -0.107217
v 0.528000 0.444088 -0.118668
v 0.536485 0.445309 -0.115314
v -0.740000 0.420340 -0.091100
v -0.728000 0.412507 -0.100435
v -0.736485 0.414801 -0.097701
v 0.540000 0.420340 -0.091100
v 0.528000 0.412507 -0.100435
v 0.536485 0.414801 -0.097701
v -0.740000 0.399620 -0.066407
v -0.728000 0.389067 -0.072500
v -0.736485 0.392158 -0.070716
v 0.540000 0.399620 -0.066407
v 0.528000 0.389067 -0.072500
v 0.536485 0.392158 -0.070716
v -0.740000 0.388595 -0.036117
v -0.728000 0.376595 -0.038233
v -0.736485 0.380110 -0.037613
v 0.540000 0.388595 -0.036117
v 0.528000 0.376595 -0.038233
v 0.536485 0.380110 -0.037613
v -0.740000 0.388595 -0.003883
v -0.728000 0.376595 -0.001767
v -0.736485 0.380110 -0.002387
v 0.540000 0.388595 -0.003883
v 0.528000 0.376595 -0.001767
v 0.536485 0.380110 -0.002387
v -0.740000 0.399620 0.026407
v -0.728000 0.389067 0.032500
v -0.736485 0.392158 0.030716
v 0.540000 0.399620 0.026407
v 0.528000 0.389067 0.032500
v 0.536485 0.392158 0.030716
v -0.740000 0.420340 0.051100
v -0.728000 0.412507 0.060435
v -0.736485 0.414801 0.057701
v 0.540000 0.420340 0.051100
v 0.528000 0.412507 0.060435
v 0.536485 0.414801 0.057701
v -0.740000 0.448255 0.067217
v -0.728000 0.444088 0.078668
v -0.736485 0.445309 0.075314
v 0.540000 0.448255 0.067217
v 0.528000 0.444088 0.078668
v 0.536485 0.445309 0.075314
v -0.740000 0.480000 0.072815
v -0.728000 0.480000 0.085000
v -0.736485 0.480000 0.081431
v 0.540000 0.480000 0.072815
v 0.528000 0.480000 0.085000
v 0.536485 0.480000 0.081431
v -0.740000 0.511745 0.067217
v -0.728000 0.515912 0.078668
v -0.736485 0.514691 0.075314
v 0.540000 0.511744 0.067217
v 0.528000 0.515912 0.078668
v 0.536485 0.514691 0.075314
v -0.740000 0.539660 0.051100
v -0.728000 0.547493 0.060435
v -0.736485 0.545199 0.057701
v 0.540000 0.539660 0.051100
v 0.528000 0.547493 0.060435
v 0.536485 0.545199 0.057701
v -0.740000 0.560380 0.026407
v -0.728000 0.570933 0.032500
v -0.736485 0.567842 0.030716
v 0.540000 0.560380 0.026407
v 0.528000 0.570933 0.032500
v 0.536485 0.567842 0.030716
v -0.740000 0.571405 -0.003883
v -0.728000 0.583405 -0.001767
v -0.736485 0.579890 -0.002387
v 0.540000 0.571405 -0.003883
v 0.528000 0.583405 -0.001767
v 0.536485 0.579890 -0.002387
v -0.740000 0.571405 -0.036117
v -0.728000 0.583405 -0.038233
v -0.736485 0.579890 -0.037613
v 0.540000 0.571405 -0.036117
v 0.528000 0.583405 -0.038233
v 0.536485 0.579890 -0.037613
v -0.740000 0.560380 -0.066407
v -0.728000 0.570933 -0.072500
v -0.736485 0.567842 -0.070716
v 0.540000 0.560380 -0.066407
v 0.528000 0.570933 -0.072500
v 0.536485 0.567842 -0.070716
v -0.740000 0.539660 -0.091100
v -0.728000 0.547493 -0.100435
v -0.736485 0.545199 -0.097701
v 0.540000 0.539660 -0.091100
v 0.528000 0.547493 -0.100435
v 0.536485 0.545199 -0.097701
v -0.740000 0.511745 -0.107217
v -0.728000 0.515912 -0.118668
v -0.736485 0.514691 -0.115314
v 0.540000 0.511744 -0.107217
v 0.528000 0.515912 -0.118668
v 0.536485 0.514691 -0.115314
vn -0.3827 -0.1604 -0.9098
vn -0.9239 -0.0665 -0.3769
vn 0.3827 -0.1604 -0.9098
vn 0.9239 -0.0665 -0.3769
vn -0.3827 -0.4619 -0.8001
vn -0.9239 -0.1913 -0.3314
vn 0.3827 -0.4619 -0.8001
vn 0.9239 -0.1913 -0.3314
vn -0.3827 -0.7077 -0.5939
vn -0.9239 -0.2932 -0.2460
vn 0.3827 -0.7077 -0.5939
vn 0.9239 -0.2932 -0.2460
vn -0.3827 -0.8682 -0.3160
vn -0.9239 -0.3596 -0.1309
vn 0.3827 -0.8682 -0.3160
vn 0.9239 -0.3596 -0.1309
vn -0.3827 -0.9239 -0.0000
vn -0.9239 -0.3827 -0.0000
vn 0.3827 -0.9239 -0.0000
vn 0.9239 -0.3827 -0.0000
vn -0.3827 -0.8682 0.3160
vn -0.9239 -0.3596 0.1309
vn 0.3827 -0.8682 0.3160
vn 0.9239 -0.3596 0.1309
vn -0.3827 -0.7077 0.5939
vn -0.9239 -0.2932 0.2460
vn 0.3827 -0.7077 0.5939
vn 0.9239 -0.2932 0.2460
vn -0.3827 -0.4619 0.8001
vn -0.9239 -0.1913 0.3314
vn 0.3827 -0.4619 0.8001
vn 0.9239 -0.1913 0.3314
vn -0.3827 -0.1604 0.9098
vn -0.9239 -0.0665 0.3769
vn 0.3827 -0.1604 0.9098
vn 0.9239 -0.0665 0.3769
vn -0.3827 0.1604 0.9098
vn -0.9239 0.0665 0.3769
vn 0.3827 0.1604 0.9098
vn 0.9239 0.0665 0.3769
vn -0.3827 0.4619 0.8001
vn -0.9239 0.1913 0.3314
vn 0.3827 0.4619 0.8001
vn 0.9239 0.1913 0.3314
vn -0.3827 0.7077 0.5939
vn -0.9239 0.2932 0.2460
vn 0.3827 0.7077 0.5939
vn 0.9239 0.2932 0.2460
vn -0.3827 0.8682 0.3160
vn -0.9239 0.3596 0.1309
vn 0.3827 0.8682 0.3160
vn 0.9239 0.3596 0.1309
vn -0.3827 0.9239 -0.0000
vn -0.9239 0.3827 -0.0000
vn 0.3827 0.9239 -0.0000
vn 0.9239 0.3827 -0.0000
vn -0.3827 0.8682 -0.3160
vn -0.9239 0.3596 -0.1309
vn 0.3827 0.8682 -0.3160
vn 0.9239 0.3596 -0.1309
vn -0.3827 0.7077 -0.5939
vn -0.9239 0.2932 -0.2460
vn 0.3827 0.7077 -0.5939
vn 0.9239 0.2932 -0.2460
vn -0.3827 0.4619 -0.8001
vn -0.9239 0.1913 -0.3314
vn 0.3827 0.4619 -0.8001
vn 0.9239 0.1913 -0.3314
vn -0.3827 0.1604 -0.9098
vn -0.9239 0.0665 -0.3769
vn 0.3827 0.1604 -0.9098
vn 0.9239 0.0665 -0.3769
vn -1.0000 -0.0000 -0.0000
vn -0.0000 -0.1736 -0.9848
vn -0.0000 0.1736 -0.9848
vn 1.0000 -0.0000 -0.0000
vn -0.0000 -0.5000 -0.8660
vn -0.0000 -0.7660 -0.6428
vn -0.0000 -0.9397 -0.3420
vn -0.0000 -1.0000 -0.0000
vn -0.0000 -0.9397 0.3420
vn -0.0000 -0.7660 0.6428
vn -0.0000 -0.5000 0.8660
vn -0.0000 -0.1736 0.9848
vn -0.0000 0.1736 0.9848
vn -0.0000 0.5000 0.8660
vn -0.0000 0.7660 0.6428
vn -0.0000 0.9397 0.3420
vn -0.0000 1.0000 -0.0000
vn -0.0000 0.9397 -0.3420
vn -0.0000 0.7660 -0.6428
vn -0.0000 0.5000 -0.8660
vt 1.000000 0.504688
vt 0.944444 0.504687
vt 0.944444 0.500000
vt 0.999056 0.500000
vt 0.750000 0.489754
vt 0.832001 0.475295
vt 0.822559 0.449354
vt 0.750000 0.462148
vt 0.944444 0.995313
vt 1.000000 0.995313
vt 0.999056 1.000000
vt 0.944444 1.000000
vt 0.332001 0.475295
vt 0.250000 0.489754
vt 0.250000 0.462148
vt 0.322559 0.449354
vt 0.888889 0.504687
vt 0.888889 0.500000
vt 0.904111 0.433662
vt 0.886366 0.412515
vt 0.888889 0.995313
vt 0.888889 1.000000
vt 0.404111 0.433662
vt 0.386366 0.412515
vt 0.833333 0.504687
vt 0.833333 0.500000
vt 0.957633 0.369877
vt 0.933726 0.356074
vt 0.833333 0.995313
vt 0.833333 1.000000
vt 0.457633 0.369877
vt 0.433726 0.356074
vt 0.777778 0.504687
vt 0.777778 0.500000
vt 0.986112 0.291633
vt 0.958925 0.286839
vt 0.777778 0.995313
vt 0.777778 1.000000
vt 0.486112 0.291633
vt 0.458925 0.286839
vt 0.722222 0.504688
vt 0.722222 0.500000
vt 0.986112 0.208367
vt 0.958925 0.213161
vt 0.722222 0.995313
vt 0.722222 1.000000
vt 0.486112 0.208367
vt 0.458925 0.213161
vt 0.666667 0.504687
vt 0.666667 0.500000
vt 0.957633 0.130123
vt 0.933726 0.143926
vt 0.666667 0.995313
vt 0.666666 1.000000
vt 0.457633 0.130123
vt 0.433726 0.143926
vt 0.611111 0.504687
vt 0.611111 0.500000
vt 0.904111 0.066338
vt 0.886366 0.087485
vt 0.611111 0.995313
vt 0.611111 1.000000
vt 0.404111 0.066338
vt 0.386366 0.087485
vt 0.555555 0.504687
vt 0.555555 0.500000
vt 0.832001 0.024705
vt 0.822559 0.050646
vt 0.555555 0.995313
vt 0.555555 1.000000
vt 0.332001 0.024705
vt 0.322559 0.050646
vt 0.500000 0.504688
vt 0.500000 0.500000
vt 0.750000 0.010246
vt 0.750000 0.037852
vt 0.500000 0.995313
vt 0.500000 1.000000
vt 0.250000 0.010246
vt 0.250000 0.037852
vt 0.444444 0.504688
vt 0.444444 0.500000
vt 0.667999 0.024705
vt 0.677441 0.050646
vt 0.444444 0.995313
vt 0.444444 1.000000
vt 0.167999 0.024705
vt 0.177441 0.050646
vt 0.388889 0.504687
vt 0.388889 0.500000
vt 0.595889 0.066338
vt 0.613634 0.087485
vt 0.388889 0.995313
vt 0.388889 1.000000
vt 0.095889 0.066338
vt 0.113634 0.087485
vt 0.333333 0.504687
vt 0.333333 0.500000
vt 0.542367 0.130123
vt 0.566274 0.143926
vt 0.333333 0.995313
vt 0.333333 1.000000
vt 0.042367 0.130123
vt 0.066274 0.143926
vt 0.277778 0.504687
vt 0.277778 0.500000
vt 0.513888 0.208367
vt 0.541075 0.213161
vt 0.277778 0.995313
vt 0.277778 1.000000
vt 0.013888 0.208367
vt 0.041075 0.213161
vt 0.222222 0.504688
vt 0.222222 0.500000
vt 0.513888 0.291633
vt 0.541075 0.286839
vt 0.222222 0.995313
vt 0.222222 1.000000
vt 0.013888 0.291633
vt 0.041075 0.286839
vt 0.166666 0.504687
vt 0.166666 0.500000
vt 0.542367 0.369877
vt 0.566274 0.356074
vt 0.166666 0.995313
vt 0.166666 1.000000
vt 0.042367 0.369877
vt 0.066274 0.356074
vt 0.111111 0.504687
vt 0.111111 0.500000
vt 0.595889 0.433662
vt 0.613634 0.412515
vt 0.111111 0.995313
vt 0.111111 1.000000
vt 0.095889 0.433662
vt 0.113634 0.412515
vt 0.055555 0.504687
vt 0.055555 0.500000
vt 0.667999 0.475295
vt 0.677441 0.449354
vt 0.055555 0.995313
vt 0.055555 1.000000
vt 0.167999 0.475295
vt 0.177441 0.449354
vt -0.000000 0.504688
vt 0.000944 0.500000
vt -0.000000 0.995313
vt 0.000944 1.000000
s 0
f 1338/1749/1245 1344/1750/1245 1345/1751/1245 1339/1752/1245
f 1339/1753/1246 1345/1754/1246 1343/1755/1246 1337/1756/1246
f 1347/1757/1247 1341/1758/1247 1342/1759/1247 1348/1760/1247
f 1348/1761/1248 1342/1762/1248 1340/1763/1248 1346/1764/1248
f 1344/1750/1249 1350/1765/1249 1351/1766/1249 1345/1751/1249
f 1345/1754/1250 1351/1767/1250 1349/1768/1250 1343/1755/1250
f 1353/1769/1251 1347/1757/1251 1348/1760/1251 1354/1770/1251
f 1354/1771/1252 1348/1761/1252 1346/1764/1252 1352/1772/1252
f 1350/1765/1253 1356/1773/1253 1357/1774/1253 1351/1766/1253
f 1351/1767/1254 1357/1775/1254 1355/1776/1254 1349/1768/1254
f 1359/1777/1255 1353/1769/1255 1354/1770/1255 1360/1778/1255
f 1360/1779/1256 1354/1771/1256 1352/1772/1256 1358/1780/1256
f 1356/1773/1257 1362/1781/1257 1363/1782/1257 1357/1774/1257
f 1357/1775/1258 1363/1783/1258 1361/1784/1258 1355/1776/1258
f 1365/1785/1259 1359/1777/1259 1360/1778/1259 1366/1786/1259
f 1366/1787/1260 1360/1779/1260 1358/1780/1260 1364/1788/1260
f 1362/1781/1261 1368/1789/1261 1369/1790/1261 1363/1782/1261
f 1363/1783/1262 1369/1791/1262 1367/1792/1262 1361/1784/1262
f 1371/1793/1263 1365/1785/1263 1366/1786/1263 1372/1794/1263
f 1372/1795/1264 1366/1787/1264 1364/1788/1264 1370/1796/1264
f 1368/1789/1265 1374/1797/1265 1375/1798/1265 1369/1790/1265
f 1369/1791/1266 1375/1799/1266 1373/1800/1266 1367/1792/1266
f 1377/1801/1267 1371/1793/1267 1372/1794/1267 1378/1802/1267
f 1378/1803/1268 1372/1795/1268 1370/1796/1268 1376/1804/1268
f 1374/1797/1269 1380/1805/1269 1381/1806/1269 1375/1798/1269
f 1375/1799/1270 1381/1807/1270 1379/1808/1270 1373/1800/1270
f 1383/1809/1271 1377/1801/1271 1378/1802/1271 1384/1810/1271
f 1384/1811/1272 1378/1803/1272 1376/1804/1272 1382/1812/1272
f 1380/1805/1273 1386/1813/1273 1387/1814/1273 1381/1806/1273
f 1381/1807/1274 1387/1815/1274 1385/1816/1274 1379/1808/1274
f 1389/1817/1275 1383/1809/1275 1384/1810/1275 1390/1818/1275
f 1390/1819/1276 1384/1811/1276 1382/1812/1276 1388/1820/1276
f 1386/1813/1277 1392/1821/1277 1393/1822/1277 1387/1814/1277
f 1387/1815/1278 1393/1823/1278 1391/1824/1278 1385/1816/1278
f 1395/1825/1279 1389/1817/1279 1390/1818/1279 1396/1826/1279
f 1396/1827/1280 1390/1819/1280 1388/1820/1280 1394/1828/1280
f 1392/1821/1281 1398/1829/1281 1399/1830/1281 1393/1822/1281
f 1393/1823/1282 1399/1831/1282 1397/1832/1282 1391/1824/1282
f 1401/1833/1283 1395/1825/1283 1396/1826/1283 1402/1834/1283
f 1402/1835/1284 1396/1827/1284 1394/1828/1284 1400/1836/1284
f 1398/1829/1285 1404/1837/1285 1405/1838/1285 1399/1830/1285
f 1399/1831/1286 1405/1839/1286 1403/1840/1286 1397/1832/1286
f 1407/1841/1287 1401/1833/1287 1402/1834/1287 1408/1842/1287
f 1408/1843/1288 1402/1835/1288 1400/1836/1288 1406/1844/1288
f 1404/1837/1289 1410/1845/1289 1411/1846/1289 1405/1838/1289
f 1405/1839/1290 1411/1847/1290 1409/1848/1290 1403/1840/1290
f 1413/1849/1291 1407/1841/1291 1408/1842/1291 1414/1850/1291
f 1414/1851/1292 1408/1843/1292 1406/1844/1292 1412/1852/1292
f 1410/1845/1293 1416/1853/1293 1417/1854/1293 1411/1846/1293
f 1411/1847/1294 1417/1855/1294 1415/1856/1294 1409/1848/1294
f 1419/1857/1295 1413/1849/1295 1414/1850/1295 1420/1858/1295
f 1420/1859/1296 1414/1851/1296 1412/1852/1296 1418/1860/1296
f 1416/1853/1297 1422/1861/1297 1423/1862/1297 1417/1854/1297
f 1417/1855/1298 1423/1863/1298 1421/1864/1298 1415/1856/1298
f 1425/1865/1299 1419/1857/1299 1420/1858/1299 1426/1866/1299
f 1426/1867/1300 1420/1859/1300 1418/1860/1300 1424/1868/1300
f 1422/1861/1301 1428/1869/1301 1429/1870/1301 1423/1862/1301
f 1423/1863/1302 1429/1871/1302 1427/1872/1302 1421/1864/1302
f 1431/1873/1303 1425/1865/1303 1426/1866/1303 1432/1874/1303
f 1432/1875/1304 1426/1867/1304 1424/1868/1304 1430/1876/1304
f 1428/1869/1305 1434/1877/1305 1435/1878/1305 1429/1870/1305
f 1429/1871/1306 1435/1879/1306 1433/1880/1306 1427/1872/1306
f 1437/1881/1307 1431/1873/1307 1432/1874/1307 1438/1882/1307
f 1438/1883/1308 1432/1875/1308 1430/1876/1308 1436/1884/1308
f 1434/1877/1309 1440/1885/1309 1441/1886/1309 1435/1878/1309
f 1435/1879/1310 1441/1887/1310 1439/1888/1310 1433/1880/1310
f 1443/1889/1311 1437/1881/1311 1438/1882/1311 1444/1890/1311
f 1444/1891/1312 1438/1883/1312 1436/1884/1312 1442/1892/1312
f 1440/1885/1313 1338/1893/1313 1339/1894/1313 1441/1886/1313
f 1441/1887/1314 1339/1753/1314 1337/1756/1314 1439/1888/1314
f 1341/1895/1315 1443/1889/1315 1444/1890/1315 1342/1896/1315
f 1342/1762/1316 1444/1891/1316 1442/1892/1316 1340/1763/1316
f 1337/1756/1317 1343/1755/1317 1349/1768/1317 1355/1776/1317 1361/1784/1317 1367/1792/1317 1373/1800/1317 1379/1808/1317 1385/1816/1317 1391/1824/1317 1397/1832/1317 1403/1840/1317 1409/1848/1317 1415/1856/1317 1421/1864/1317 1427/1872/1317 1433/1880/1317 1439/1888/1317
f 1338/1749/1318 1341/1758/1318 1347/1757/1318 1344/1750/1318
f 1440/1885/1319 1443/1889/1319 1341/1895/1319 1338/1893/1319
f 1346/1764/1320 1340/1763/1320 1442/1892/1320 1436/1884/1320 1430/1876/1320 1424/1868/1320 1418/1860/1320 1412/1852/1320 1406/1844/1320 1400/1836/1320 1394/1828/1320 1388/1820/1320 1382/1812/1320 1376/1804/1320 1370/1796/1320 1364/1788/1320 1358/1780/1320 1352/1772/1320
f 1344/1750/1321 1347/1757/1321 1353/1769/1321 1350/1765/1321
f 1350/1765/1322 1353/1769/1322 1359/1777/1322 1356/1773/1322
f 1356/1773/1323 1359/1777/1323 1365/1785/1323 1362/1781/1323
f 1362/1781/1324 1365/1785/1324 1371/1793/1324 1368/1789/1324
f 1368/1789/1325 1371/1793/1325 1377/1801/1325 1374/1797/1325
f 1374/1797/1326 1377/1801/1326 1383/1809/1326 1380/1805/1326
f 1380/1805/1327 1383/1809/1327 1389/1817/1327 1386/1813/1327
f 1386/1813/1328 1389/1817/1328 1395/1825/1328 1392/1821/1328
f 1392/1821/1329 1395/1825/1329 1401/1833/1329 1398/1829/1329
f 1398/1829/1330 1401/1833/1330 1407/1841/1330 1404/1837/1330
f 1404/1837/1331 1407/1841/1331 1413/1849/1331 1410/1845/1331
f 1410/1845/1332 1413/1849/1332 1419/1857/1332 1416/1853/1332
f 1416/1853/1333 1419/1857/1333 1425/1865/1333 1422/1861/1333
f 1422/1861/1334 1425/1865/1334 1431/1873/1334 1428/1869/1334
f 1428/1869/1335 1431/1873/1335 1437/1881/1335 1434/1877/1335
f 1434/1877/1336 1437/1881/1336 1443/1889/1336 1440/1885/1336
o TelescopeBrassCollar
v -0.720000 0.480000 -0.147815
v -0.708000 0.480000 -0.160000
v -0.716485 0.480000 -0.156431
v -0.560000 0.480000 -0.147815
v -0.572000 0.480000 -0.160000
v -0.563515 0.480000 -0.156431
v -0.720000 0.436285 -0.140107
v -0.708000 0.432117 -0.151557
v -0.716485 0.433338 -0.148203
v -0.560000 0.436285 -0.140107
v -0.572000 0.432117 -0.151557
v -0.563515 0.433338 -0.148203
v -0.720000 0.397842 -0.117912
v -0.708000 0.390010 -0.127246
v -0.716485 0.392304 -0.124512
v -0.560000 0.397842 -0.117912
v -0.572000 0.390010 -0.127246
v -0.563515 0.392304 -0.124512
v -0.720000 0.369309 -0.083907
v -0.708000 0.358756 -0.090000
v -0.716485 0.361847 -0.088216
v -0.560000 0.369309 -0.083907
v -0.572000 0.358756 -0.090000
v -0.563515 0.361847 -0.088216
v -0.720000 0.354127 -0.042195
v -0.708000 0.342127 -0.044311
v -0.716485 0.345642 -0.043691
v -0.560000 0.354127 -0.042195
v -0.572000 0.342127 -0.044311
v -0.563515 0.345642 -0.043691
v -0.720000 0.354127 0.002195
v -0.708000 0.342127 0.004311
v -0.716485 0.345642 0.003691
v -0.560000 0.354127 0.002195
v -0.572000 0.342127 0.004311
v -0.563515 0.345642 0.003691
v -0.720000 0.369309 0.043907
v -0.708000 0.358756 0.050000
v -0.716485 0.361847 0.048216
v -0.560000 0.369309 0.043907
v -0.572000 0.358756 0.050000
v -0.563515 0.361847 0.048216
v -0.720000 0.397842 0.077912
v -0.708000 0.390010 0.087246
v -0.716485 0.392304 0.084512
v -0.560000 0.397842 0.077912
v -0.572000 0.390010 0.087246
v -0.563515 0.392304 0.084512
v -0.720000 0.436285 0.100107
v -0.708000 0.432117 0.111557
v -0.716485 0.433338 0.108203
v -0.560000 0.436285 0.100107
v -0.572000 0.432117 0.111557
v -0.563515 0.433338 0.108203
v -0.720000 0.480000 0.107815
v -0.708000 0.480000 0.120000
v -0.716485 0.480000 0.116431
v -0.560000 0.480000 0.107815
v -0.572000 0.480000 0.120000
v -0.563515 0.480000 0.116431
v -0.720000 0.523715 0.100107
v -0.708000 0.527883 0.111557
v -0.716485 0.526662 0.108203
v -0.560000 0.523715 0.100107
v -0.572000 0.527883 0.111557
v -0.563515 0.526662 0.108203
v -0.720000 0.562158 0.077912
v -0.708000 0.569990 0.087246
v -0.716485 0.567696 0.084512
v -0.560000 0.562158 0.077912
v -0.572000 0.569990 0.087246
v -0.563515 0.567696 0.084512
v -0.720000 0.590691 0.043907
v -0.708000 0.601244 0.050000
v -0.716485 0.598153 0.048216
v -0.560000 0.590691 0.043907
v -0.572000 0.601244 0.050000
v -0.563515 0.598153 0.048216
v -0.720000 0.605873 0.002195
v -0.708000 0.617873 0.004311
v -0.716485 0.614358 0.003691
v -0.560000 0.605873 0.002195
v -0.572000 0.617873 0.004311
v -0.563515 0.614358 0.003691
v -0.720000 0.605873 -0.042195
v -0.708000 0.617873 -0.044311
v -0.716485 0.614358 -0.043691
v -0.560000 0.605873 -0.042195
v -0.572000 0.617873 -0.044311
v -0.563515 0.614358 -0.043691
v -0.720000 0.590691 -0.083907
v -0.708000 0.601244 -0.090000
v -0.716485 0.598153 -0.088216
v -0.560000 0.590691 -0.083907
v -0.572000 0.601244 -0.090000
v -0.563515 0.598153 -0.088216
v -0.720000 0.562158 -0.117912
v -0.708000 0.569990 -0.127246
v -0.716485 0.567696 -0.124512
v -0.560000 0.562158 -0.117912
v -0.572000 0.569990 -0.127246
v -0.563515 0.567696 -0.124512
v -0.720000 0.523715 -0.140107
v -0.708000 0.527883 -0.151557
v -0.716485 0.526662 -0.148203
v -0.560000 0.523715 -0.140107
v -0.572000 0.527883 -0.151557
v -0.563515 0.526662 -0.148203
vn -0.3827 -0.1604 -0.9098
vn -0.9239 -0.0665 -0.3769
vn 0.3827 -0.1604 -0.9098
vn 0.9239 -0.0665 -0.3769
vn -0.3827 -0.4619 -0.8001
vn -0.9239 -0.1913 -0.3314
vn 0.3827 -0.4619 -0.8001
vn 0.9239 -0.1913 -0.3314
vn -0.3827 -0.7077 -0.5939
vn -0.9239 -0.2932 -0.2460
vn 0.3827 -0.7077 -0.5939
vn 0.9239 -0.2932 -0.2460
vn -0.3827 -0.8682 -0.3160
vn -0.9239 -0.3596 -0.1309
vn 0.3827 -0.8682 -0.3160
vn 0.9239 -0.3596 -0.1309
vn -0.3827 -0.9239 -0.0000
vn -0.9239 -0.3827 -0.0000
vn 0.3827 -0.9239 -0.0000
vn 0.9239 -0.3827 -0.0000
vn -0.3827 -0.8682 0.3160
vn -0.9239 -0.3596 0.1309
vn 0.3827 -0.8682 0.3160
vn 0.9239 -0.3596 0.1309
vn -0.3827 -0.7077 0.5939
vn -0.9239 -0.2932 0.2460
vn 0.3827 -0.7077 0.5939
vn 0.9239 -0.2932 0.2460
vn -0.3827 -0.4619 0.8001
vn -0.9239 -0.1913 0.3314
vn 0.3827 -0.4619 0.8001
vn 0.9239 -0.1913 0.3314
vn -0.3827 -0.1604 0.9098
vn -0.9239 -0.0665 0.3769
vn 0.3827 -0.1604 0.9098
vn 0.9239 -0.0665 0.3769
vn -0.3827 0.1604 0.9098
vn -0.9239 0.0665 0.3769
vn 0.3827 0.1604 0.9098
vn 0.9239 0.0665 0.3769
vn -0.3827 0.4619 0.8001
vn -0.9239 0.1913 0.3314
vn 0.3827 0.4619 0.8001
vn 0.9239 0.1913 0.3314
vn -0.3827 0.7077 0.5939
vn -0.9239 0.2932 0.2460
vn 0.3827 0.7077 0.5939
vn 0.9239 0.2932 0.2460
vn -0.3827 0.8682 0.3160
vn -0.9239 0.3596 0.1309
vn 0.3827 0.8682 0.3160
vn 0.9239 0.3596 0.1309
vn -0.3827 0.9239 -0.0000
vn -0.9239 0.3827 -0.0000
vn 0.3827 0.9239 -0.0000
vn 0.9239 0.3827 -0.0000
vn -0.3827 0.8682 -0.3160
vn -0.9239 0.3596 -0.1309
vn 0.3827 0.8682 -0.3160
vn 0.9239 0.3596 -0.1309
vn -0.3827 0.7077 -0.5939
vn -0.9239 0.2932 -0.2460
vn 0.3827 0.7077 -0.5939
vn 0.9239 0.2932 -0.2460
vn -0.3827 0.4619 -0.8001
vn -0.9239 0.1913 -0.3314
vn 0.3827 0.4619 -0.8001
vn 0.9239 0.1913 -0.3314
vn -0.3827 0.1604 -0.9098
vn -0.9239 0.0665 -0.3769
vn 0.3827 0.1604 -0.9098
vn 0.9239 0.0665 -0.3769
vn -1.0000 -0.0000 -0.0000
vn -0.0000 -0.1736 -0.9848
vn -0.0000 0.1736 -0.9848
vn 1.0000 -0.0000 -0.0000
vn -0.0000 -0.5000 -0.8660
vn -0.0000 -0.7660 -0.6428
vn -0.0000 -0.9397 -0.3420
vn -0.0000 -1.0000 -0.0000
vn -0.0000 -0.9397 0.3420
vn -0.0000 -0.7660 0.6428
vn -0.0000 -0.5000 0.8660
vn -0.0000 -0.1736 0.9848
vn -0.0000 0.1736 0.9848
vn -0.0000 0.5000 0.8660
vn -0.0000 0.7660 0.6428
vn -0.0000 0.9397 0.3420
vn -0.0000 1.0000 -0.0000
vn -0.0000 0.9397 -0.3420
vn -0.0000 0.7660 -0.6428
vn -0.0000 0.5000 -0.8660
vt 1.000000 0.537500
vt 0.944444 0.537500
vt 0.944444 0.500000
vt 0.999292 0.500000
vt 0.750000 0.489815
vt 0.832022 0.475353
vt 0.824940 0.455897
vt 0.750000 0.469111
vt 0.944444 0.962500
vt 1.000000 0.962500
vt 0.999292 1.000000
vt 0.944444 1.000000
vt 0.332022 0.475353
vt 0.250000 0.489815
vt 0.250000 0.469111
vt 0.324940 0.455897
vt 0.888889 0.537500
vt 0.888889 0.500000
vt 0.904151 0.433709
vt 0.890842 0.417849
vt 0.888889 0.962500
vt 0.888889 1.000000
vt 0.404150 0.433709
vt 0.390842 0.417849
vt 0.833333 0.537500
vt 0.833333 0.500000
vt 0.957686 0.369908
vt 0.939756 0.359556
vt 0.833333 0.962500
vt 0.833333 1.000000
vt 0.457686 0.369908
vt 0.439756 0.359556
vt 0.777778 0.537500
vt 0.777778 0.500000
vt 0.986172 0.291644
vt 0.965782 0.288048
vt 0.777778 0.962500
vt 0.777778 1.000000
vt 0.486172 0.291644
vt 0.465782 0.288048
vt 0.722222 0.537500
vt 0.722222 0.500000
vt 0.986172 0.208356
vt 0.965782 0.211952
vt 0.722222 0.962500
vt 0.722222 1.000000
vt 0.486172 0.208356
vt 0.465782 0.211952
vt 0.666667 0.537500
vt 0.666667 0.500000
vt 0.957686 0.130092
vt 0.939756 0.140444
vt 0.666667 0.962500
vt 0.666667 1.000000
vt 0.457686 0.130092
vt 0.439756 0.140444
vt 0.611111 0.537500
vt 0.611111 0.500000
vt 0.904151 0.066291
vt 0.890842 0.082151
vt 0.611111 0.962500
vt 0.611111 1.000000
vt 0.404150 0.066291
vt 0.390842 0.082151
vt 0.555555 0.537500
vt 0.555555 0.500000
vt 0.832022 0.024647
vt 0.824940 0.044103
vt 0.555555 0.962500
vt 0.555555 1.000000
vt 0.332022 0.024647
vt 0.324940 0.044103
vt 0.500000 0.537500
vt 0.500000 0.500000
vt 0.750000 0.010185
vt 0.750000 0.030889
vt 0.500000 0.962500
vt 0.500000 1.000000
vt 0.250000 0.010185
vt 0.250000 0.030889
vt 0.444444 0.537500
vt 0.444444 0.500000
vt 0.667978 0.024647
vt 0.675059 0.044103
vt 0.444444 0.962500
vt 0.444444 1.000000
vt 0.167978 0.024647
vt 0.175059 0.044103
vt 0.388889 0.537500
vt 0.388889 0.500000
vt 0.595850 0.066291
vt 0.609158 0.082151
vt 0.388889 0.962500
vt 0.388889 1.000000
vt 0.095850 0.066291
vt 0.109158 0.082151
vt 0.333333 0.537500
vt 0.333333 0.500000
vt 0.542314 0.130092
vt 0.560244 0.140444
vt 0.333333 0.962500
vt 0.333333 1.000000
vt 0.042314 0.130092
vt 0.060244 0.140444
vt 0.277778 0.537500
vt 0.277778 0.500000
vt 0.513828 0.208356
vt 0.534218 0.211952
vt 0.277778 0.962500
vt 0.277778 1.000000
vt 0.013828 0.208356
vt 0.034218 0.211952
vt 0.222222 0.537500
vt 0.222222 0.500000
vt 0.513828 0.291644
vt 0.534218 0.288048
vt 0.222222 0.962500
vt 0.222222 1.000000
vt 0.013828 0.291644
vt 0.034218 0.288048
vt 0.166666 0.537500
vt 0.166666 0.500000
vt 0.542314 0.369908
vt 0.560244 0.359556
vt 0.166666 0.962500
vt 0.166666 1.000000
vt 0.042314 0.369908
vt 0.060244 0.359556
vt 0.111111 0.537500
vt 0.111111 0.500000
vt 0.595850 0.433709
vt 0.609158 0.417849
vt 0.111111 0.962500
vt 0.111111 1.000000
vt 0.095850 0.433709
vt 0.109158 0.417849
vt 0.055555 0.537500
vt 0.055555 0.500000
vt 0.667978 0.475353
vt 0.675059 0.455897
vt 0.055555 0.962500
vt 0.055555 1.000000
vt 0.167978 0.475353
vt 0.175060 0.455897
vt -0.000000 0.537500
vt 0.000708 0.500000
vt -0.000000 0.962500
vt 0.000708 1.000000
s 0
f 1446/1897/1337 1452/1898/1337 1453/1899/1337 1447/1900/1337
f 1447/1901/1338 1453/1902/1338 1451/1903/1338 1445/1904/1338
f 1455/1905/1339 1449/1906/1339 1450/1907/1339 1456/1908/1339
f 1456/1909/1340 1450/1910/1340 1448/1911/1340 1454/1912/1340
f 1452/1898/1341 1458/1913/1341 1459/1914/1341 1453/1899/1341
f 1453/1902/1342 1459/1915/1342 1457/1916/1342 1451/1903/1342
f 1461/1917/1343 1455/1905/1343 1456/1908/1343 1462/1918/1343
f 1462/1919/1344 1456/1909/1344 1454/1912/1344 1460/1920/1344
f 1458/1913/1345 1464/1921/1345 1465/1922/1345 1459/1914/1345
f 1459/1915/1346 1465/1923/1346 1463/1924/1346 1457/1916/1346
f 1467/1925/1347 1461/1917/1347 1462/1918/1347 1468/1926/1347
f 1468/1927/1348 1462/1919/1348 1460/1920/1348 1466/1928/1348
f 1464/1921/1349 1470/1929/1349 1471/1930/1349 1465/1922/1349
f 1465/1923/1350 1471/1931/1350 1469/1932/1350 1463/1924/1350
f 1473/1933/1351 1467/1925/1351 1468/1926/1351 1474/1934/1351
f 1474/1935/1352 1468/1927/1352 1466/1928/1352 1472/1936/1352
f 1470/1929/1353 1476/1937/1353 1477/1938/1353 1471/1930/1353
f 1471/1931/1354 1477/1939/1354 1475/1940/1354 1469/1932/1354
f 1479/1941/1355 1473/1933/1355 1474/1934/1355 1480/1942/1355
f 1480/1943/1356 1474/1935/1356 1472/1936/1356 1478/1944/1356
f 1476/1937/1357 1482/1945/1357 1483/1946/1357 1477/1938/1357
f 1477/1939/1358 1483/1947/1358 1481/1948/1358 1475/1940/1358
f 1485/1949/1359 1479/1941/1359 1480/1942/1359 1486/1950/1359
f 1486/1951/1360 1480/1943/1360 1478/1944/1360 1484/1952/1360
f 1482/1945/1361 1488/1953/1361 1489/1954/1361 1483/1946/1361
f 1483/1947/1362 1489/1955/1362 1487/1956/1362 1481/1948/1362
f 1491/1957/1363 1485/1949/1363 1486/1950/1363 1492/1958/1363
f 1492/1959/1364 1486/1951/1364 1484/1952/1364 1490/1960/1364
f 1488/1953/1365 1494/1961/1365 1495/1962/1365 1489/1954/1365
f 1489/1955/1366 1495/1963/1366 1493/1964/1366 1487/1956/1366
f 1497/1965/1367 1491/1957/1367 1492/1958/1367 1498/1966/1367
f 1498/1967/1368 1492/1959/1368 1490/1960/1368 1496/1968/1368
f 1494/1961/1369 1500/1969/1369 1501/1970/1369 1495/1962/1369
f 1495/1963/1370 1501/1971/1370 1499/1972/1370 1493/1964/1370
f 1503/1973/1371 1497/1965/1371 1498/1966/1371 1504/1974/1371
f 1504/1975/1372 1498/1967/1372 1496/1968/1372 1502/1976/1372
f 1500/1969/1373 1506/1977/1373 1507/1978/1373 1501/1970/1373
f 1501/1971/1374 1507/1979/1374 1505/1980/1374 1499/1972/1374
f 1509/1981/1375 1503/1973/1375 1504/1974/1375 1510/1982/1375
f 1510/1983/1376 1504/1975/1376 1502/1976/1376 1508/1984/1376
f 1506/1977/1377 1512/1985/1377 1513/1986/1377 1507/1978/1377
f 1507/1979/1378 1513/1987/1378 1511/1988/1378 1505/1980/1378
f 1515/1989/1379 1509/1981/1379 1510/1982/1379 1516/1990/1379
f 1516/1991/1380 1510/1983/1380 1508/1984/1380 1514/1992/1380
f 1512/1985/1381 1518/1993/1381 1519/1994/1381 1513/1986/1381
f 1513/1987/1382 1519/1995/1382 1517/1996/1382 1511/1988/1382
f 1521/1997/1383 1515/1989/1383 1516/1990/1383 1522/1998/1383
f 1522/1999/1384 1516/1991/1384 1514/1992/1384 1520/2000/1384
f 1518/1993/1385 1524/2001/1385 1525/2002/1385 1519/1994/1385
f 1519/1995/1386 1525/2003/1386 1523/2004/1386 1517/1996/1386
f 1527/2005/1387 1521/1997/1387 1522/1998/1387 1528/2006/1387
f 1528/2007/1388 1522/1999/1388 1520/2000/1388 1526/2008/1388
f 1524/2001/1389 1530/2009/1389 1531/2010/1389 1525/2002/1389
f 1525/2003/1390 1531/2011/1390 1529/2012/1390 1523/2004/1390
f 1533/2013/1391 1527/2005/1391 1528/2006/1391 1534/2014/1391
f 1534/2015/1392 1528/2007/1392 1526/2008/1392 1532/2016/1392
f 1530/2009/1393 1536/2017/1393 1537/2018/1393 1531/2010/1393
f 1531/2011/1394 1537/2019/1394 1535/2020/1394 1529/2012/1394
f 1539/2021/1395 1533/2013/1395 1534/2014/1395 1540/2022/1395
f 1540/2023/1396 1534/2015/1396 1532/2016/1396 1538/2024/1396
f 1536/2017/1397 1542/2025/1397 1543/2026/1397 1537/2018/1397
f 1537/2019/1398 1543/2027/1398 1541/2028/1398 1535/2020/1398
f 1545/2029/1399 1539/2021/1399 1540/2022/1399 1546/2030/1399
f 1546/2031/1400 1540/2023/1400 1538/2024/1400 1544/2032/1400
f 1542/2025/1401 1548/2033/1401 1549/2034/1401 1543/2026/1401
f 1543/2027/1402 1549/2035/1402 1547/2036/1402 1541/2028/1402
f 1551/2037/1403 1545/2029/1403 1546/2030/1403 1552/2038/1403
f 1552/2039/1404 1546/2031/1404 1544/2032/1404 1550/2040/1404
f 1548/2033/1405 1446/2041/1405 1447/2042/1405 1549/2034/1405
f 1549/2035/1406 1447/1901/1406 1445/1904/1406 1547/2036/1406
f 1449/2043/1407 1551/2037/1407 1552/2038/1407 1450/2044/1407
f 1450/1910/1408 1552/2039/1408 1550/2040/1408 1448/1911/1408
f 1445/1904/1409 1451/1903/1409 1457/1916/1409 1463/1924/1409 1469/1932/1409 1475/1940/1409 1481/1948/1409 1487/1956/1409 1493/1964/1409 1499/1972/1409 1505/1980/1409 1511/1988/1409 1517/1996/1409 1523/2004/1409 1529/2012/1409 1535/2020/1409 1541/2028/1409 1547/2036/1409
f 1446/1897/1410 1449/1906/1410 1455/1905/1410 1452/1898/1410
f 1548/2033/1411 1551/2037/1411 1449/2043/1411 1446/2041/1411
f 1454/1912/1412 1448/1911/1412 1550/2040/1412 1544/2032/1412 1538/2024/1412 1532/2016/1412 1526/2008/1412 1520/2000/1412 1514/1992/1412 1508/1984/1412 1502/1976/1412 1496/1968/1412 1490/1960/1412 1484/1952/1412 1478/1944/1412 1472/1936/1412 1466/1928/1412 1460/1920/1412
f 1452/1898/1413 1455/1905/1413 1461/1917/1413 1458/1913/1413
f 1458/1913/1414 1461/1917/1414 1467/1925/1414 1464/1921/1414
f 1464/1921/1415 1467/1925/1415 1473/1933/1415 1470/1929/1415
f 1470/1929/1416 1473/1933/1416 1479/1941/1416 1476/1937/1416
f 1476/1937/1417 1479/1941/1417 1485/1949/1417 1482/1945/1417
f 1482/1945/1418 1485/1949/1418 1491/1957/1418 1488/1953/1418
f 1488/1953/1419 1491/1957/1419 1497/1965/1419 1494/1961/1419
f 1494/1961/1420 1497/1965/1420 1503/1973/1420 1500/1969/1420
f 1500/1969/1421 1503/1973/1421 1509/1981/1421 1506/1977/1421
f 1506/1977/1422 1509/1981/1422 1515/1989/1422 1512/1985/1422
f 1512/1985/1423 1515/1989/1423 1521/1997/1423 1518/1993/1423
f 1518/1993/1424 1521/1997/1424 1527/2005/1424 1524/2001/1424
f 1524/2001/1425 1527/2005/1425 1533/2013/1425 1530/2009/1425
f 1530/2009/1426 1533/2013/1426 1539/2021/1426 1536/2017/1426
f 1536/2017/1427 1539/2021/1427 1545/2029/1427 1542/2025/1427
f 1542/2025/1428 1545/2029/1428 1551/2037/1428 1548/2033/1428
o TelescopeEyepiece
v 0.500000 0.480000 -0.137815
v 0.512000 0.480000 -0.150000
v 0.503515 0.480000 -0.146431
v 0.660000 0.480000 -0.137815
v 0.648000 0.480000 -0.150000
v 0.656485 0.480000 -0.146431
v 0.500000 0.439705 -0.130710
v 0.512000 0.435537 -0.142160
v 0.503515 0.436758 -0.138806
v 0.660000 0.439705 -0.130710
v 0.648000 0.435537 -0.142160
v 0.656485 0.436758 -0.138806
v 0.500000 0.404270 -0.110251
v 0.512000 0.396438 -0.119586
v 0.503515 0.398732 -0.116852
v 0.660000 0.404270 -0.110251
v 0.648000 0.396438 -0.119586
v 0.656485 0.398732 -0.116852
v 0.500000 0.377969 -0.078907
v 0.512000 0.367417 -0.085000
v 0.503515 0.370507 -0.083216
v 0.660000 0.377969 -0.078907
v 0.648000 0.367417 -0.085000
v 0.656485 0.370507 -0.083216
v 0.500000 0.363975 -0.040458
v 0.512000 0.351975 -0.042574
v 0.503515 0.355490 -0.041955
v 0.660000 0.363975 -0.040458
v 0.648000 0.351975 -0.042574
v 0.656485 0.355490 -0.041955
v 0.500000 0.363975 0.000458
v 0.512000 0.351975 0.002574
v 0.503515 0.355490 0.001955
v 0.660000 0.363975 0.000458
v 0.648000 0.351975 0.002574
v 0.656485 0.355490 0.001955
v 0.500000 0.377969 0.038907
v 0.512000 0.367417 0.045000
v 0.503515 0.370507 0.043216
v 0.660000 0.377969 0.038907
v 0.648000 0.367417 0.045000
v 0.656485 0.370507 0.043216
v 0.500000 0.404270 0.070251
v 0.512000 0.396438 0.079586
v 0.503515 0.398732 0.076852
v 0.660000 0.404270 0.070251
v 0.648000 0.396438 0.079586
v 0.656485 0.398732 0.076852
v 0.500000 0.439705 0.090710
v 0.512000 0.435537 0.102160
v 0.503515 0.436758 0.098806
v 0.660000 0.439705 0.090710
v 0.648000 0.435537 0.102160
v 0.656485 0.436758 0.098806
v 0.500000 0.480000 0.097815
v 0.512000 0.480000 0.110000
v 0.503515 0.480000 0.106431
v 0.660000 0.480000 0.097815
v 0.648000 0.480000 0.110000
v 0.656485 0.480000 0.106431
v 0.500000 0.520295 0.090710
v 0.512000 0.524463 0.102160
v 0.503515 0.523242 0.098806
v 0.660000 0.520295 0.090710
v 0.648000 0.524463 0.102160
v 0.656485 0.523242 0.098806
v 0.500000 0.555730 0.070251
v 0.512000 0.563562 0.079586
v 0.503515 0.561268 0.076852
v 0.660000 0.555730 0.070251
v 0.648000 0.563562 0.079586
v 0.656485 0.561268 0.076852
v 0.500000 0.582031 0.038907
v 0.512000 0.592583 0.045000
v 0.503515 0.589492 0.043216
v 0.660000 0.582031 0.038907
v 0.648000 0.592583 0.045000
v 0.656485 0.589492 0.043216
v 0.500000 0.596025 0.000458
v 0.512000 0.608025 0.002574
v 0.503515 0.604510 0.001955
v 0.660000 0.596025 0.000458
v 0.648000 0.608025 0.002574
v 0.656485 0.604510 0.001955
v 0.500000 0.596025 -0.040458
v 0.512000 0.608025 -0.042574
v 0.503515 0.604510 -0.041955
v 0.660000 0.596025 -0.040458
v 0.648000 0.608025 -0.042574
v 0.656485 0.604510 -0.041955
v 0.500000 0.582031 -0.078907
v 0.512000 0.592583 -0.085000
v 0.503515 0.589492 -0.083216
v 0.660000 0.582031 -0.078907
v 0.648000 0.592583 -0.085000
v 0.656485 0.589492 -0.083216
v 0.500000 0.555730 -0.110251
v 0.512000 0.563562 -0.119586
v 0.503515 0.561268 -0.116852
v 0.660000 0.555730 -0.110251
v 0.648000 0.563562 -0.119586
v 0.656485 0.561268 -0.116852
v 0.500000 0.520295 -0.130710
v 0.512000 0.524463 -0.142160
v 0.503515 0.523242 -0.138806
v 0.660000 0.520295 -0.130710
v 0.648000 0.524463 -0.142160
v 0.656485 0.523242 -0.138806
vn -0.3827 -0.1604 -0.9098
vn -0.9239 -0.0665 -0.3769
vn 0.3827 -0.1604 -0.9098
vn 0.9239 -0.0665 -0.3769
vn -0.3827 -0.4619 -0.8001
vn -0.9239 -0.1913 -0.3314
vn 0.3827 -0.4619 -0.8001
vn 0.9239 -0.1913 -0.3314
vn -0.3827 -0.7077 -0.5939
vn -0.9239 -0.2932 -0.2460
vn 0.3827 -0.7077 -0.5939
vn 0.9239 -0.2932 -0.2460
vn -0.3827 -0.8682 -0.3160
vn -0.9239 -0.3596 -0.1309
vn 0.3827 -0.8682 -0.3160
vn 0.9239 -0.3596 -0.1309
vn -0.3827 -0.9239 -0.0000
vn -0.9239 -0.3827 -0.0000
vn 0.3827 -0.9239 -0.0000
vn 0.9239 -0.3827 -0.0000
vn -0.3827 -0.8682 0.3160
vn -0.9239 -0.3596 0.1309
vn 0.3827 -0.8682 0.3160
vn 0.9239 -0.3596 0.1309
vn -0.3827 -0.7077 0.5939
vn -0.9239 -0.2932 0.2460
vn 0.3827 -0.7077 0.5939
vn 0.9239 -0.2932 0.2460
vn -0.3827 -0.4619 0.8001
vn -0.9239 -0.1913 0.3314
vn 0.3827 -0.4619 0.8001
vn 0.9239 -0.1913 0.3314
vn -0.3827 -0.1604 0.9098
vn -0.9239 -0.0665 0.3769
vn 0.3827 -0.1604 0.9098
vn 0.9239 -0.0665 0.3769
vn -0.3827 0.1604 0.9098
vn -0.9239 0.0665 0.3769
vn 0.3827 0.1604 0.9098
vn 0.9239 0.0665 0.3769
vn -0.3827 0.4619 0.8001
vn -0.9239 0.1913 0.3314
vn 0.3827 0.4619 0.8001
vn 0.9239 0.1913 0.3314
vn -0.3827 0.7077 0.5939
vn -0.9239 0.2932 0.2460
vn 0.3827 0.7077 0.5939
vn 0.9239 0.2932 0.2460
vn -0.3827 0.8682 0.3160
vn -0.9239 0.3596 0.1309
vn 0.3827 0.8682 0.3160
vn 0.9239 0.3596 0.1309
vn -0.3827 0.9239 -0.0000
vn -0.9239 0.3827 -0.0000
vn 0.3827 0.9239 -0.0000
vn 0.9239 0.3827 -0.0000
vn -0.3827 0.8682 -0.3160
vn -0.9239 0.3596 -0.1309
vn 0.3827 0.8682 -0.3160
vn 0.9239 0.3596 -0.1309
vn -0.3827 0.7077 -0.5939
vn -0.9239 0.2932 -0.2460
vn 0.3827 0.7077 -0.5939
vn 0.9239 0.2932 -0.2460
vn -0.3827 0.4619 -0.8001
vn -0.9239 0.1913 -0.3314
vn 0.3827 0.4619 -0.8001
vn 0.9239 0.1913 -0.3314
vn -0.3827 0.1604 -0.9098
vn -0.9239 0.0665 -0.3769
vn 0.3827 0.1604 -0.9098
vn 0.9239 0.0665 -0.3769
vn -1.0000 -0.0000 -0.0000
vn -0.0000 -0.1736 -0.9848
vn -0.0000 0.1736 -0.9848
vn 1.0000 -0.0000 -0.0000
vn -0.0000 -0.5000 -0.8660
vn -0.0000 -0.7660 -0.6428
vn -0.0000 -0.9397 -0.3420
vn -0.0000 -1.0000 -0.0000
vn -0.0000 -0.9397 0.3420
vn -0.0000 -0.7660 0.6428
vn -0.0000 -0.5000 0.8660
vn -0.0000 -0.1736 0.9848
vn -0.0000 0.1736 0.9848
vn -0.0000 0.5000 0.8660
vn -0.0000 0.7660 0.6428
vn -0.0000 0.9397 0.3420
vn -0.0000 1.0000 -0.0000
vn -0.0000 0.9397 -0.3420
vn -0.0000 0.7660 -0.6428
vn -0.0000 0.5000 -0.8660
vt 1.000000 0.537500
vt 0.944444 0.537500
vt 0.944444 0.500000
vt 0.999237 0.500000
vt 0.750000 0.489801
vt 0.832017 0.475340
vt 0.824391 0.454387
vt 0.750000 0.467505
vt 0.944444 0.962500
vt 1.000000 0.962500
vt 0.999237 1.000000
vt 0.944444 1.000000
vt 0.332017 0.475339
vt 0.250000 0.489801
vt 0.250000 0.467505
vt 0.324391 0.454387
vt 0.888889 0.537500
vt 0.888889 0.500000
vt 0.904141 0.433699
vt 0.889809 0.416618
vt 0.888889 0.962500
vt 0.888889 1.000000
vt 0.404141 0.433698
vt 0.389809 0.416618
vt 0.833333 0.537500
vt 0.833333 0.500000
vt 0.957674 0.369901
vt 0.938364 0.358752
vt 0.833333 0.962500
vt 0.833333 1.000000
vt 0.457674 0.369901
vt 0.438364 0.358752
vt 0.777778 0.537500
vt 0.777778 0.500000
vt 0.986158 0.291641
vt 0.964200 0.287769
vt 0.777778 0.962500
vt 0.777778 1.000000
vt 0.486158 0.291641
vt 0.464200 0.287769
vt 0.722222 0.537500
vt 0.722222 0.500000
vt 0.986158 0.208359
vt 0.964200 0.212231
vt 0.722222 0.962500
vt 0.722222 1.000000
vt 0.486158 0.208359
vt 0.464200 0.212231
vt 0.666667 0.537500
vt 0.666667 0.500000
vt 0.957674 0.130099
vt 0.938364 0.141248
vt 0.666667 0.962500
vt 0.666667 1.000000
vt 0.457674 0.130099
vt 0.438364 0.141248
vt 0.611111 0.537500
vt 0.611111 0.500000
vt 0.904141 0.066302
vt 0.889809 0.083382
vt 0.611111 0.962500
vt 0.611111 1.000000
vt 0.404141 0.066302
vt 0.389809 0.083382
vt 0.555555 0.537500
vt 0.555555 0.500000
vt 0.832017 0.024660
vt 0.824391 0.045613
vt 0.555555 0.962500
vt 0.555555 1.000000
vt 0.332017 0.024660
vt 0.324391 0.045613
vt 0.500000 0.537500
vt 0.500000 0.500000
vt 0.750000 0.010199
vt 0.750000 0.032496
vt 0.500000 0.962500
vt 0.500000 1.000000
vt 0.250000 0.010199
vt 0.250000 0.032496
vt 0.444444 0.537500
vt 0.444444 0.500000
vt 0.667983 0.024660
vt 0.675609 0.045613
vt 0.444444 0.962500
vt 0.444444 1.000000
vt 0.167983 0.024660
vt 0.175609 0.045613
vt 0.388889 0.537500
vt 0.388889 0.500000
vt 0.595859 0.066302
vt 0.610191 0.083382
vt 0.388889 0.962500
vt 0.388889 1.000000
vt 0.095859 0.066302
vt 0.110191 0.083382
vt 0.333333 0.537500
vt 0.333333 0.500000
vt 0.542326 0.130099
vt 0.561636 0.141248
vt 0.333333 0.962500
vt 0.333333 1.000000
vt 0.042326 0.130099
vt 0.061636 0.141248
vt 0.277778 0.537500
vt 0.277778 0.500000
vt 0.513842 0.208359
vt 0.535800 0.212231
vt 0.277778 0.962500
vt 0.277778 1.000000
vt 0.013842 0.208359
vt 0.035800 0.212231
vt 0.222222 0.537500
vt 0.222222 0.500000
vt 0.513842 0.291641
vt 0.535800 0.287769
vt 0.222222 0.962500
vt 0.222222 1.000000
vt 0.013842 0.291641
vt 0.035800 0.287769
vt 0.166666 0.537500
vt 0.166666 0.500000
vt 0.542326 0.369901
vt 0.561636 0.358752
vt 0.166666 0.962500
vt 0.166666 1.000000
vt 0.042326 0.369901
vt 0.061636 0.358752
vt 0.111111 0.537500
vt 0.111111 0.500000
vt 0.595859 0.433698
vt 0.610191 0.416618
vt 0.111111 0.962500
vt 0.111111 1.000000
vt 0.095859 0.433699
vt 0.110191 0.416618
vt 0.055555 0.537500
vt 0.055555 0.500000
vt 0.667983 0.475339
vt 0.675609 0.454387
vt 0.055555 0.962500
vt 0.055555 1.000000
vt 0.167983 0.475340
vt 0.175609 0.454387
vt -0.000000 0.537500
vt 0.000762 0.500000
vt -0.000000 0.962500
vt 0.000762 1.000000
s 0
f 1554/2045/1429 1560/2046/1429 1561/2047/1429 1555/2048/1429
f 1555/2049/1430 1561/2050/1430 1559/2051/1430 1553/2052/1430
f 1563/2053/1431 1557/2054/1431 1558/2055/1431 1564/2056/1431
f 1564/2057/1432 1558/2058/1432 1556/2059/1432 1562/2060/1432
f 1560/2046/1433 1566/2061/1433 1567/2062/1433 1561/2047/1433
f 1561/2050/1434 1567/2063/1434 1565/2064/1434 1559/2051/1434
f 1569/2065/1435 1563/2053/1435 1564/2056/1435 1570/2066/1435
f 1570/2067/1436 1564/2057/1436 1562/2060/1436 1568/2068/1436
f 1566/2061/1437 1572/2069/1437 1573/2070/1437 1567/2062/1437
f 1567/2063/1438 1573/2071/1438 1571/2072/1438 1565/2064/1438
f 1575/2073/1439 1569/2065/1439 1570/2066/1439 1576/2074/1439
f 1576/2075/1440 1570/2067/1440 1568/2068/1440 1574/2076/1440
f 1572/2069/1441 1578/2077/1441 1579/2078/1441 1573/2070/1441
f 1573/2071/1442 1579/2079/1442 1577/2080/1442 1571/2072/1442
f 1581/2081/1443 1575/2073/1443 1576/2074/1443 1582/2082/1443
f 1582/2083/1444 1576/2075/1444 1574/2076/1444 1580/2084/1444
f 1578/2077/1445 1584/2085/1445 1585/2086/1445 1579/2078/1445
f 1579/2079/1446 1585/2087/1446 1583/2088/1446 1577/2080/1446
f 1587/2089/1447 1581/2081/1447 1582/2082/1447 1588/2090/1447
f 1588/2091/1448 1582/2083/1448 1580/2084/1448 1586/2092/1448
f 1584/2085/1449 1590/2093/1449 1591/2094/1449 1585/2086/1449
f 1585/2087/1450 1591/2095/1450 1589/2096/1450 1583/2088/1450
f 1593/2097/1451 1587/2089/1451 1588/2090/1451 1594/2098/1451
f 1594/2099/1452 1588/2091/1452 1586/2092/1452 1592/2100/1452
f 1590/2093/1453 1596/2101/1453 1597/2102/1453 1591/2094/1453
f 1591/2095/1454 1597/2103/1454 1595/2104/1454 1589/2096/1454
f 1599/2105/1455 1593/2097/1455 1594/2098/1455 1600/2106/1455
f 1600/2107/1456 1594/2099/1456 1592/2100/1456 1598/2108/1456
f 1596/2101/1457 1602/2109/1457 1603/2110/1457 1597/2102/1457
f 1597/2103/1458 1603/2111/1458 1601/2112/1458 1595/2104/1458
f 1605/2113/1459 1599/2105/1459 1600/2106/1459 1606/2114/1459
f 1606/2115/1460 1600/2107/1460 1598/2108/1460 1604/2116/1460
f 1602/2109/1461 1608/2117/1461 1609/2118/1461 1603/2110/1461
f 1603/2111/1462 1609/2119/1462 1607/2120/1462 1601/2112/1462
f 1611/2121/1463 1605/2113/1463 1606/2114/1463 1612/2122/1463
f 1612/2123/1464 1606/2115/1464 1604/2116/1464 1610/2124/1464
f 1608/2117/1465 1614/2125/1465 1615/2126/1465 1609/2118/1465
f 1609/2119/1466 1615/2127/1466 1613/2128/1466 1607/2120/1466
f 1617/2129/1467 1611/2121/1467 1612/2122/1467 1618/2130/1467
f 1618/2131/1468 1612/2123/1468 1610/2124/1468 1616/2132/1468
f 1614/2125/1469 1620/2133/1469 1621/2134/1469 1615/2126/1469
f 1615/2127/1470 1621/2135/1470 1619/2136/1470 1613/2128/1470
f 1623/2137/1471 1617/2129/1471 1618/2130/1471 1624/2138/1471
f 1624/2139/1472 1618/2131/1472 1616/2132/1472 1622/2140/1472
f 1620/2133/1473 1626/2141/1473 1627/2142/1473 1621/2134/1473
f 1621/2135/1474 1627/2143/1474 1625/2144/1474 1619/2136/1474
f 1629/2145/1475 1623/2137/1475 1624/2138/1475 1630/2146/1475
f 1630/2147/1476 1624/2139/1476 1622/2140/1476 1628/2148/1476
f 1626/2141/1477 1632/2149/1477 1633/2150/1477 1627/2142/1477
f 1627/2143/1478 1633/2151/1478 1631/2152/1478 1625/2144/1478
f 1635/2153/1479 1629/2145/1479 1630/2146/1479 1636/2154/1479
f 1636/2155/1480 1630/2147/1480 1628/2148/1480 1634/2156/1480
f 1632/2149/1481 1638/2157/1481 1639/2158/1481 1633/2150/1481
f 1633/2151/1482 1639/2159/1482 1637/2160/1482 1631/2152/1482
f 1641/2161/1483 1635/2153/1483 1636/2154/1483 1642/2162/1483
f 1642/2163/1484 1636/2155/1484 1634/2156/1484 1640/2164/1484
f 1638/2157/1485 1644/2165/1485 1645/2166/1485 1639/2158/1485
f 1639/2159/1486 1645/2167/1486 1643/2168/1486 1637/2160/1486
f 1647/2169/1487 1641/2161/1487 1642/2162/1487 1648/2170/1487
f 1648/2171/1488 1642/2163/1488 1640/2164/1488 1646/2172/1488
f 1644/2165/1489 1650/2173/1489 1651/2174/1489 1645/2166/1489
f 1645/2167/1490 1651/2175/1490 1649/2176/1490 1643/2168/1490
f 1653/2177/1491 1647/2169/1491 1648/2170/1491 1654/2178/1491
f 1654/2179/1492 1648/2171/1492 1646/2172/1492 1652/2180/1492
f 1650/2173/1493 1656/2181/1493 1657/2182/1493 1651/2174/1493
f 1651/2175/1494 1657/2183/1494 1655/2184/1494 1649/2176/1494
f 1659/2185/1495 1653/2177/1495 1654/2178/1495 1660/2186/1495
f 1660/2187/1496 1654/2179/1496 1652/2180/1496 1658/2188/1496
f 1656/2181/1497 1554/2189/1497 1555/2190/1497 1657/2182/1497
f 1657/2183/1498 1555/2049/1498 1553/2052/1498 1655/2184/1498
f 1557/2191/1499 1659/2185/1499 1660/2186/1499 1558/2192/1499
f 1558/2058/1500 1660/2187/1500 1658/2188/1500 1556/2059/1500
f 1553/2052/1501 1559/2051/1501 1565/2064/1501 1571/2072/1501 1577/2080/1501 1583/2088/1501 1589/2096/1501 1595/2104/1501 1601/2112/1501 1607/2120/1501 1613/2128/1501 1619/2136/1501 1625/2144/1501 1631/2152/1501 1637/2160/1501 1643/2168/1501 1649/2176/1501 1655/2184/1501
f 1554/2045/1502 1557/2054/1502 1563/2053/1502 1560/2046/1502
f 1656/2181/1503 1659/2185/1503 1557/2191/1503 1554/2189/1503
f 1562/2060/1504 1556/2059/1504 1658/2188/1504 1652/2180/1504 1646/2172/1504 1640/2164/1504 1634/2156/1504 1628/2148/1504 1622/2140/1504 1616/2132/1504 1610/2124/1504 1604/2116/1504 1598/2108/1504 1592/2100/1504 1586/2092/1504 1580/2084/1504 1574/2076/1504 1568/2068/1504
f 1560/2046/1505 1563/2053/1505 1569/2065/1505 1566/2061/1505
f 1566/2061/1506 1569/2065/1506 1575/2073/1506 1572/2069/1506
f 1572/2069/1507 1575/2073/1507 1581/2081/1507 1578/2077/1507
f 1578/2077/1508 1581/2081/1508 1587/2089/1508 1584/2085/1508
f 1584/2085/1509 1587/2089/1509 1593/2097/1509 1590/2093/1509
f 1590/2093/1510 1593/2097/1510 1599/2105/1510 1596/2101/1510
f 1596/2101/1511 1599/2105/1511 1605/2113/1511 1602/2109/1511
f 1602/2109/1512 1605/2113/1512 1611/2121/1512 1608/2117/1512
f 1608/2117/1513 1611/2121/1513 1617/2129/1513 1614/2125/1513
f 1614/2125/1514 1617/2129/1514 1623/2137/1514 1620/2133/1514
f 1620/2133/1515 1623/2137/1515 1629/2145/1515 1626/2141/1515
f 1626/2141/1516 1629/2145/1516 1635/2153/1516 1632/2149/1516
f 1632/2149/1517 1635/2153/1517 1641/2161/1517 1638/2157/1517
f 1638/2157/1518 1641/2161/1518 1647/2169/1518 1644/2165/1518
f 1644/2165/1519 1647/2169/1519 1653/2177/1519 1650/2173/1519
f 1650/2173/1520 1653/2177/1520 1659/2185/1520 1656/2181/1520
o VernierCarriage
v -0.191200 -1.060000 0.141200
v -0.191200 -1.031200 0.170000
v -0.220000 -1.031200 0.141200
v -0.191200 -1.051565 0.161565
v -0.207828 -1.047828 0.157828
v -0.211565 -1.031200 0.161565
v -0.211565 -1.051565 0.141200
v -0.191200 -0.908800 0.170000
v -0.191200 -0.880000 0.141200
v -0.220000 -0.908800 0.141200
v -0.191200 -0.888435 0.161565
v -0.207828 -0.892172 0.157828
v -0.211565 -0.888435 0.141200
v -0.211565 -0.908800 0.161565
v -0.191200 -1.060000 -0.021200
v -0.220000 -1.031200 -0.021200
v -0.191200 -1.031200 -0.050000
v -0.211565 -1.051565 -0.021200
v -0.207828 -1.047828 -0.037828
v -0.211565 -1.031200 -0.041565
v -0.191200 -1.051565 -0.041565
v -0.191200 -0.880000 -0.021200
v -0.191200 -0.908800 -0.050000
v -0.220000 -0.908800 -0.021200
v -0.191200 -0.888435 -0.041565
v -0.207828 -0.892172 -0.037828
v -0.211565 -0.908800 -0.041565
v -0.211565 -0.888435 -0.021200
v 0.191200 -1.060000 0.141200
v 0.220000 -1.031200 0.141200
v 0.191200 -1.031200 0.170000
v 0.211565 -1.051565 0.141200
v 0.207828 -1.047828 0.157828
v 0.211565 -1.031200 0.161565
v 0.191200 -1.051565 0.161565
v 0.191200 -0.880000 0.141200
v 0.191200 -0.908800 0.170000
v 0.220000 -0.908800 0.141200
v 0.191200 -0.888435 0.161565
v 0.207828 -0.892172 0.157828
v 0.211565 -0.908800 0.161565
v 0.211565 -0.888435 0.141200
v 0.191200 -1.060000 -0.021200
v 0.191200 -1.031200 -0.050000
v 0.220000 -1.031200 -0.021200
v 0.191200 -1.051565 -0.041565
v 0.207828 -1.047828 -0.037828
v 0.211565 -1.031200 -0.041565
v 0.211565 -1.051565 -0.021200
v 0.191200 -0.880000 -0.021200
v 0.220000 -0.908800 -0.021200
v 0.191200 -0.908800 -0.050000
v 0.211565 -0.888435 -0.021200
v 0.207828 -0.892172 -0.037828
v 0.211565 -0.908800 -0.041565
v 0.191200 -0.888435 -0.041565
vn -0.3251 -0.8881 0.3251
vn -0.3251 -0.3251 0.8881
vn -0.8881 -0.3251 0.3251
vn -0.3251 0.3251 0.8881
vn -0.3251 0.8881 0.3251
vn -0.8881 0.3251 0.3251
vn -0.3251 -0.8881 -0.3251
vn -0.8881 -0.3251 -0.3251
vn -0.3251 -0.3251 -0.8881
vn -0.3251 0.8881 -0.3251
vn -0.3251 0.3251 -0.8881
vn -0.8881 0.3251 -0.3251
vn 0.3251 -0.8881 0.3251
vn 0.8881 -0.3251 0.3251
vn 0.3251 -0.3251 0.8881
vn 0.3251 0.8881 0.3251
vn 0.3251 0.3251 0.8881
vn 0.8881 0.3251 0.3251
vn 0.3251 -0.8881 -0.3251
vn 0.3251 -0.3251 -0.8881
vn 0.8881 -0.3251 -0.3251
vn 0.3251 0.8881 -0.3251
vn 0.8881 0.3251 -0.3251
vn 0.3251 0.3251 -0.8881
vn -0.3827 -0.9239 -0.0000
vn -0.9239 -0.3827 -0.0000
vn -0.3827 -0.0000 0.9239
vn -0.9239 -0.0000 0.3827
vn -0.3827 0.9239 -0.0000
vn -0.9239 0.3827 -0.0000
vn -0.3827 -0.0000 -0.9239
vn -0.9239 -0.0000 -0.3827
vn -0.0000 -0.9239 -0.3827
vn -0.0000 -0.3827 -0.9239
vn -0.0000 0.9239 -0.3827
vn -0.0000 0.3827 -0.9239
vn 0.9239 -0.0000 -0.3827
vn 0.3827 -0.0000 -0.9239
vn 0.3827 -0.9239 -0.0000
vn 0.9239 -0.3827 -0.0000
vn 0.3827 0.9239 -0.0000
vn 0.9239 0.3827 -0.0000
vn 0.3827 -0.0000 0.9239
vn 0.9239 -0.0000 0.3827
vn -0.0000 -0.9239 0.3827
vn -0.0000 -0.3827 0.9239
vn -0.0000 0.9239 0.3827
vn -0.0000 0.3827 0.9239
vn -0.0000 -1.0000 -0.0000
vn -1.0000 -0.0000 -0.0000
vn -0.0000 -0.0000 1.0000
vn -0.0000 1.0000 -0.0000
vn -0.0000 -0.0000 -1.0000
vn 1.0000 -0.0000 -0.0000
vt 0.141364 0.717273
vt 0.141364 0.750000
vt 0.131916 0.750000
vt 0.125000 0.717273
vt 0.415000 0.983636
vt 0.415000 1.000000
vt 0.391906 1.000000
vt 0.375000 0.983636
vt 0.415000 0.032727
vt 0.375000 0.032727
vt 0.375000 0.013832
vt 0.415000 0.000000
vt 0.585000 0.983636
vt 0.625000 0.983636
vt 0.625000 0.993084
vt 0.585000 1.000000
vt 0.858636 0.717273
vt 0.875000 0.717273
vt 0.875000 0.736168
vt 0.858636 0.750000
vt 0.585000 0.032727
vt 0.585000 0.000000
vt 0.608094 0.000000
vt 0.625000 0.032727
vt 0.141364 0.532727
vt 0.125000 0.532727
vt 0.125000 0.513832
vt 0.141364 0.500000
vt 0.415000 0.217273
vt 0.415000 0.250000
vt 0.383453 0.253458
vt 0.375000 0.217273
vt 0.415000 0.266364
vt 0.375000 0.266364
vt 0.858636 0.532727
vt 0.858636 0.500000
vt 0.868084 0.500000
vt 0.875000 0.532727
vt 0.585000 0.266364
vt 0.585000 0.250000
vt 0.616547 0.243084
vt 0.625000 0.266364
vt 0.585000 0.217273
vt 0.625000 0.217273
vt 0.358636 0.717273
vt 0.375000 0.717273
vt 0.380635 0.747695
vt 0.366818 0.758182
vt 0.415000 0.717273
vt 0.415000 0.750000
vt 0.415000 0.766364
vt 0.641364 0.717273
vt 0.633182 0.758182
vt 0.621670 0.745389
vt 0.625000 0.717273
vt 0.585000 0.766364
vt 0.585000 0.750000
vt 0.585000 0.717273
vt 0.358636 0.532727
vt 0.366818 0.491818
vt 0.378330 0.504611
vt 0.375000 0.532727
vt 0.415000 0.483636
vt 0.415000 0.500000
vt 0.415000 0.532727
vt 0.641364 0.532727
vt 0.625000 0.532727
vt 0.619365 0.502305
vt 0.633182 0.491818
vt 0.585000 0.532727
vt 0.585000 0.500000
vt 0.585000 0.483636
s 0
f 1661/2193/1521 1664/2194/1521 1665/2195/1521 1667/2196/1521
f 1662/2197/1522 1666/2198/1522 1665/2199/1522 1664/2200/1522
f 1663/2201/1523 1667/2202/1523 1665/2203/1523 1666/2204/1523
f 1668/2205/1524 1671/2206/1524 1672/2207/1524 1674/2208/1524
f 1669/2209/1525 1673/2210/1525 1672/2211/1525 1671/2212/1525
f 1670/2213/1526 1674/2214/1526 1672/2215/1526 1673/2216/1526
f 1675/2217/1527 1678/2218/1527 1679/2219/1527 1681/2220/1527
f 1676/2221/1528 1680/2222/1528 1679/2223/1528 1678/2224/1528
f 1677/2225/1529 1681/2226/1529 1679/2223/1529 1680/2222/1529
f 1682/2227/1530 1685/2228/1530 1686/2229/1530 1688/2230/1530
f 1683/2231/1531 1687/2232/1531 1686/2233/1531 1685/2234/1531
f 1684/2235/1532 1688/2236/1532 1686/2233/1532 1687/2232/1532
f 1689/2237/1533 1692/2238/1533 1693/2239/1533 1695/2240/1533
f 1690/2241/1534 1694/2242/1534 1693/2239/1534 1692/2238/1534
f 1691/2243/1535 1695/2240/1535 1693/2239/1535 1694/2242/1535
f 1696/2244/1536 1699/2245/1536 1700/2246/1536 1702/2247/1536
f 1697/2248/1537 1701/2249/1537 1700/2246/1537 1699/2245/1537
f 1698/2250/1538 1702/2247/1538 1700/2246/1538 1701/2249/1538
f 1703/2251/1539 1706/2252/1539 1707/2253/1539 1709/2254/1539
f 1704/2255/1540 1708/2256/1540 1707/2253/1540 1706/2252/1540
f 1705/2257/1541 1709/2254/1541 1707/2253/1541 1708/2256/1541
f 1710/2258/1542 1713/2259/1542 1714/2260/1542 1716/2261/1542
f 1711/2262/1543 1715/2263/1543 1714/2260/1543 1713/2259/1543
f 1712/2264/1544 1716/2261/1544 1714/2260/1544 1715/2263/1544
f 1675/2217/1545 1661/2193/1545 1667/2196/1545 1678/2218/1545
f 1678/2224/1546 1667/2202/1546 1663/2201/1546 1676/2221/1546
f 1662/2197/1547 1668/2205/1547 1674/2208/1547 1666/2198/1547
f 1666/2204/1548 1674/2214/1548 1670/2213/1548 1663/2201/1548
f 1669/2209/1549 1682/2227/1549 1688/2230/1549 1673/2210/1549
f 1673/2216/1550 1688/2236/1550 1684/2235/1550 1670/2213/1550
f 1683/2231/1551 1677/2225/1551 1680/2222/1551 1687/2232/1551
f 1687/2232/1552 1680/2222/1552 1676/2221/1552 1684/2235/1552
f 1703/2251/1553 1675/2217/1553 1681/2220/1553 1706/2252/1553
f 1706/2252/1554 1681/2226/1554 1677/2225/1554 1704/2255/1554
f 1682/2227/1555 1710/2258/1555 1716/2261/1555 1685/2228/1555
f 1685/2234/1556 1716/2261/1556 1712/2264/1556 1683/2231/1556
f 1711/2262/1557 1705/2257/1557 1708/2256/1557 1715/2263/1557
f 1715/2263/1558 1708/2256/1558 1704/2255/1558 1712/2264/1558
f 1689/2237/1559 1703/2251/1559 1709/2254/1559 1692/2238/1559
f 1692/2238/1560 1709/2254/1560 1705/2257/1560 1690/2241/1560
f 1710/2258/1561 1696/2244/1561 1702/2247/1561 1713/2259/1561
f 1713/2259/1562 1702/2247/1562 1698/2250/1562 1711/2262/1562
f 1697/2248/1563 1691/2243/1563 1694/2242/1563 1701/2249/1563
f 1701/2249/1564 1694/2242/1564 1690/2241/1564 1698/2250/1564
f 1661/2193/1565 1689/2237/1565 1695/2240/1565 1664/2194/1565
f 1664/2200/1566 1695/2240/1566 1691/2243/1566 1662/2197/1566
f 1696/2244/1567 1669/2209/1567 1671/2212/1567 1699/2245/1567
f 1699/2245/1568 1671/2206/1568 1668/2205/1568 1697/2248/1568
f 1675/2217/1569 1703/2251/1569 1689/2237/1569 1661/2193/1569
f 1663/2201/1570 1670/2213/1570 1684/2235/1570 1676/2221/1570
f 1691/2243/1571 1697/2248/1571 1668/2205/1571 1662/2197/1571
f 1710/2258/1572 1682/2227/1572 1669/2209/1572 1696/2244/1572
f 1677/2225/1573 1683/2231/1573 1712/2264/1573 1704/2255/1573
f 1705/2257/1574 1711/2262/1574 1698/2250/1574 1690/2241/1574
o VernierPointer
v -0.034000 -0.890000 0.124000
v -0.034000 -0.874000 0.140000
v -0.050000 -0.874000 0.124000
v -0.034000 -0.885314 0.135314
v -0.043238 -0.883238 0.133238
v -0.045314 -0.874000 0.135314
v -0.045314 -0.885314 0.124000
v -0.034000 -0.326000 0.140000
v -0.034000 -0.310000 0.124000
v -0.050000 -0.326000 0.124000
v -0.034000 -0.314686 0.135314
v -0.043238 -0.316762 0.133238
v -0.045314 -0.314686 0.124000
v -0.045314 -0.326000 0.135314
v -0.034000 -0.890000 -0.024000
v -0.050000 -0.874000 -0.024000
v -0.034000 -0.874000 -0.040000
v -0.045314 -0.885314 -0.024000
v -0.043238 -0.883238 -0.033238
v -0.045314 -0.874000 -0.035314
v -0.034000 -0.885314 -0.035314
v -0.034000 -0.310000 -0.024000
v -0.034000 -0.326000 -0.040000
v -0.050000 -0.326000 -0.024000
v -0.034000 -0.314686 -0.035314
v -0.043238 -0.316762 -0.033238
v -0.045314 -0.326000 -0.035314
v -0.045314 -0.314686 -0.024000
v 0.034000 -0.890000 0.124000
v 0.050000 -0.874000 0.124000
v 0.034000 -0.874000 0.140000
v 0.045314 -0.885314 0.124000
v 0.043238 -0.883238 0.133238
v 0.045314 -0.874000 0.135314
v 0.034000 -0.885314 0.135314
v 0.034000 -0.310000 0.124000
v 0.034000 -0.326000 0.140000
v 0.050000 -0.326000 0.124000
v 0.034000 -0.314686 0.135314
v 0.043238 -0.316762 0.133238
v 0.045314 -0.326000 0.135314
v 0.045314 -0.314686 0.124000
v 0.034000 -0.890000 -0.024000
v 0.034000 -0.874000 -0.040000
v 0.050000 -0.874000 -0.024000
v 0.034000 -0.885314 -0.035314
v 0.043238 -0.883238 -0.033238
v 0.045314 -0.874000 -0.035314
v 0.045314 -0.885314 -0.024000
v 0.034000 -0.310000 -0.024000
v 0.050000 -0.326000 -0.024000
v 0.034000 -0.326000 -0.040000
v 0.045314 -0.314686 -0.024000
v 0.043238 -0.316762 -0.033238
v 0.045314 -0.326000 -0.035314
v 0.034000 -0.314686 -0.035314
vn -0.3251 -0.8881 0.3251
vn -0.3251 -0.3251 0.8881
vn -0.8881 -0.3251 0.3251
vn -0.3251 0.3251 0.8881
vn -0.3251 0.8881 0.3251
vn -0.8881 0.3251 0.3251
vn -0.3251 -0.8881 -0.3251
vn -0.8881 -0.3251 -0.3251
vn -0.3251 -0.3251 -0.8881
vn -0.3251 0.8881 -0.3251
vn -0.3251 0.3251 -0.8881
vn -0.8881 0.3251 -0.3251
vn 0.3251 -0.8881 0.3251
vn 0.8881 -0.3251 0.3251
vn 0.3251 -0.3251 0.8881
vn 0.3251 0.8881 0.3251
vn 0.3251 0.3251 0.8881
vn 0.8881 0.3251 0.3251
vn 0.3251 -0.8881 -0.3251
vn 0.3251 -0.3251 -0.8881
vn 0.8881 -0.3251 -0.3251
vn 0.3251 0.8881 -0.3251
vn 0.8881 0.3251 -0.3251
vn 0.3251 0.3251 -0.8881
vn -0.3827 -0.9239 -0.0000
vn -0.9239 -0.3827 -0.0000
vn -0.3827 -0.0000 0.9239
vn -0.9239 -0.0000 0.3827
vn -0.3827 0.9239 -0.0000
vn -0.9239 0.3827 -0.0000
vn -0.3827 -0.0000 -0.9239
vn -0.9239 -0.0000 -0.3827
vn -0.0000 -0.9239 -0.3827
vn -0.0000 -0.3827 -0.9239
vn -0.0000 0.9239 -0.3827
vn -0.0000 0.3827 -0.9239
vn 0.9239 -0.0000 -0.3827
vn 0.3827 -0.0000 -0.9239
vn 0.3827 -0.9239 -0.0000
vn 0.9239 -0.3827 -0.0000
vn 0.3827 0.9239 -0.0000
vn 0.9239 0.3827 -0.0000
vn 0.3827 -0.0000 0.9239
vn 0.9239 -0.0000 0.3827
vn -0.0000 -0.9239 0.3827
vn -0.0000 -0.3827 0.9239
vn -0.0000 0.9239 0.3827
vn -0.0000 0.3827 0.9239
vn -0.0000 -1.0000 -0.0000
vn -1.0000 -0.0000 -0.0000
vn -0.0000 -0.0000 1.0000
vn -0.0000 1.0000 -0.0000
vn -0.0000 -0.0000 -1.0000
vn 1.0000 -0.0000 -0.0000
vt 0.165000 0.727778
vt 0.165000 0.750000
vt 0.141906 0.750000
vt 0.125000 0.727778
vt 0.381897 0.960000
vt 0.381896 1.000000
vt 0.377915 1.000000
vt 0.375000 0.960000
vt 0.381897 0.022222
vt 0.375000 0.022222
vt 0.375000 0.009392
vt 0.381897 0.000000
vt 0.618103 0.960000
vt 0.625000 0.960000
vt 0.625000 0.983094
vt 0.618103 1.000000
vt 0.835000 0.727778
vt 0.875000 0.727778
vt 0.875000 0.740608
vt 0.835000 0.750000
vt 0.618103 0.022222
vt 0.618103 0.000000
vt 0.622085 0.000000
vt 0.625000 0.022222
vt 0.165000 0.522222
vt 0.125000 0.522222
vt 0.125000 0.509392
vt 0.165000 0.500000
vt 0.381897 0.227778
vt 0.381896 0.250000
vt 0.376457 0.258453
vt 0.375000 0.227778
vt 0.381897 0.290000
vt 0.375000 0.290000
vt 0.835000 0.522222
vt 0.835000 0.500000
vt 0.858094 0.500000
vt 0.875000 0.522222
vt 0.618104 0.290000
vt 0.618103 0.250000
vt 0.623543 0.245304
vt 0.625000 0.290000
vt 0.618103 0.227778
vt 0.625000 0.227778
vt 0.335000 0.727778
vt 0.375000 0.727778
vt 0.375972 0.752505
vt 0.355000 0.770000
vt 0.381897 0.727778
vt 0.381896 0.750000
vt 0.381897 0.790000
vt 0.665000 0.727778
vt 0.645000 0.770000
vt 0.629664 0.746869
vt 0.625000 0.727778
vt 0.618104 0.790000
vt 0.618103 0.750000
vt 0.618103 0.727778
vt 0.335000 0.522222
vt 0.355000 0.480000
vt 0.370336 0.503131
vt 0.375000 0.522222
vt 0.381897 0.460000
vt 0.381896 0.500000
vt 0.381897 0.522222
vt 0.665000 0.522222
vt 0.625000 0.522222
vt 0.624028 0.497495
vt 0.645000 0.480000
vt 0.618103 0.522222
vt 0.618103 0.500000
vt 0.618103 0.460000
s 0
f 1717/2265/1575 1720/2266/1575 1721/2267/1575 1723/2268/1575
f 1718/2269/1576 1722/2270/1576 1721/2271/1576 1720/2272/1576
f 1719/2273/1577 1723/2274/1577 1721/2275/1577 1722/2276/1577
f 1724/2277/1578 1727/2278/1578 1728/2279/1578 1730/2280/1578
f 1725/2281/1579 1729/2282/1579 1728/2283/1579 1727/2284/1579
f 1726/2285/1580 1730/2286/1580 1728/2287/1580 1729/2288/1580
f 1731/2289/1581 1734/2290/1581 1735/2291/1581 1737/2292/1581
f 1732/2293/1582 1736/2294/1582 1735/2295/1582 1734/2296/1582
f 1733/2297/1583 1737/2298/1583 1735/2295/1583 1736/2294/1583
f 1738/2299/1584 1741/2300/1584 1742/2301/1584 1744/2302/1584
f 1739/2303/1585 1743/2304/1585 1742/2305/1585 1741/2306/1585
f 1740/2307/1586 1744/2308/1586 1742/2305/1586 1743/2304/1586
f 1745/2309/1587 1748/2310/1587 1749/2311/1587 1751/2312/1587
f 1746/2313/1588 1750/2314/1588 1749/2311/1588 1748/2310/1588
f 1747/2315/1589 1751/2312/1589 1749/2311/1589 1750/2314/1589
f 1752/2316/1590 1755/2317/1590 1756/2318/1590 1758/2319/1590
f 1753/2320/1591 1757/2321/1591 1756/2318/1591 1755/2317/1591
f 1754/2322/1592 1758/2319/1592 1756/2318/1592 1757/2321/1592
f 1759/2323/1593 1762/2324/1593 1763/2325/1593 1765/2326/1593
f 1760/2327/1594 1764/2328/1594 1763/2325/1594 1762/2324/1594
f 1761/2329/1595 1765/2326/1595 1763/2325/1595 1764/2328/1595
f 1766/2330/1596 1769/2331/1596 1770/2332/1596 1772/2333/1596
f 1767/2334/1597 1771/2335/1597 1770/2332/1597 1769/2331/1597
f 1768/2336/1598 1772/2333/1598 1770/2332/1598 1771/2335/1598
f 1731/2289/1599 1717/2265/1599 1723/2268/1599 1734/2290/1599
f 1734/2296/1600 1723/2274/1600 1719/2273/1600 1732/2293/1600
f 1718/2269/1601 1724/2277/1601 1730/2280/1601 1722/2270/1601
f 1722/2276/1602 1730/2286/1602 1726/2285/1602 1719/2273/1602
f 1725/2281/1603 1738/2299/1603 1744/2302/1603 1729/2282/1603
f 1729/2288/1604 1744/2308/1604 1740/2307/1604 1726/2285/1604
f 1739/2303/1605 1733/2297/1605 1736/2294/1605 1743/2304/1605
f 1743/2304/1606 1736/2294/1606 1732/2293/1606 1740/2307/1606
f 1759/2323/1607 1731/2289/1607 1737/2292/1607 1762/2324/1607
f 1762/2324/1608 1737/2298/1608 1733/2297/1608 1760/2327/1608
f 1738/2299/1609 1766/2330/1609 1772/2333/1609 1741/2300/1609
f 1741/2306/1610 1772/2333/1610 1768/2336/1610 1739/2303/1610
f 1767/2334/1611 1761/2329/1611 1764/2328/1611 1771/2335/1611
f 1771/2335/1612 1764/2328/1612 1760/2327/1612 1768/2336/1612
f 1745/2309/1613 1759/2323/1613 1765/2326/1613 1748/2310/1613
f 1748/2310/1614 1765/2326/1614 1761/2329/1614 1746/2313/1614
f 1766/2330/1615 1752/2316/1615 1758/2319/1615 1769/2331/1615
f 1769/2331/1616 1758/2319/1616 1754/2322/1616 1767/2334/1616
f 1753/2320/1617 1747/2315/1617 1750/2314/1617 1757/2321/1617
f 1757/2321/1618 1750/2314/1618 1746/2313/1618 1754/2322/1618
f 1717/2265/1619 1745/2309/1619 1751/2312/1619 1720/2266/1619
f 1720/2272/1620 1751/2312/1620 1747/2315/1620 1718/2269/1620
f 1752/2316/1621 1725/2281/1621 1727/2284/1621 1755/2317/1621
f 1755/2317/1622 1727/2278/1622 1724/2277/1622 1753/2320/1622
f 1731/2289/1623 1759/2323/1623 1745/2309/1623 1717/2265/1623
f 1719/2273/1624 1726/2285/1624 1740/2307/1624 1732/2293/1624
f 1747/2315/1625 1753/2320/1625 1724/2277/1625 1718/2269/1625
f 1766/2330/1626 1738/2299/1626 1725/2281/1626 1752/2316/1626
f 1733/2297/1627 1739/2303/1627 1768/2336/1627 1760/2327/1627
f 1761/2329/1628 1767/2334/1628 1754/2322/1628 1746/2313/1628
o HandGrip
v 0.616313 -0.480000 0.045560
v 0.605728 -0.441600 0.082472
v 0.579400 -0.441600 0.034975
v 0.608828 -0.468753 0.071661
v 0.588890 -0.463770 0.060760
v 0.582727 -0.441600 0.064176
v 0.590212 -0.468753 0.038075
v 0.605728 0.201600 0.082472
v 0.616313 0.240000 0.045560
v 0.579400 0.201600 0.034975
v 0.608828 0.228753 0.071661
v 0.588890 0.223770 0.060760
v 0.590212 0.228753 0.038075
v 0.582727 0.201600 0.064176
v 0.666809 -0.480000 -0.130544
v 0.629897 -0.441600 -0.141128
v 0.677394 -0.441600 -0.167456
v 0.640708 -0.468753 -0.138028
v 0.651609 -0.463770 -0.157966
v 0.648193 -0.441600 -0.164129
v 0.674294 -0.468753 -0.156645
v 0.666809 0.240000 -0.130544
v 0.677394 0.201600 -0.167456
v 0.629897 0.201600 -0.141128
v 0.674294 0.228753 -0.156645
v 0.651609 0.223770 -0.157966
v 0.648193 0.201600 -0.164129
v 0.640708 0.228753 -0.138028
v 0.773191 -0.480000 0.090544
v 0.810103 -0.441600 0.101128
v 0.762606 -0.441600 0.127456
v 0.799292 -0.468753 0.098028
v 0.788391 -0.463770 0.117966
v 0.791807 -0.441600 0.124129
v 0.765706 -0.468753 0.116645
v 0.773191 0.240000 0.090544
v 0.762606 0.201600 0.127456
v 0.810103 0.201600 0.101128
v 0.765706 0.228753 0.116645
v 0.788391 0.223770 0.117966
v 0.791807 0.201600 0.124129
v 0.799292 0.228753 0.098028
v 0.823687 -0.480000 -0.085560
v 0.834272 -0.441600 -0.122472
v 0.860600 -0.441600 -0.074975
v 0.831172 -0.468753 -0.111661
v 0.851110 -0.463770 -0.100760
v 0.857273 -0.441600 -0.104176
v 0.849788 -0.468753 -0.078075
v 0.823687 0.240000 -0.085560
v 0.860600 0.201600 -0.074975
v 0.834272 0.201600 -0.122472
v 0.849788 0.228753 -0.078075
v 0.851110 0.223770 -0.100760
v 0.857273 0.201600 -0.104176
v 0.831172 0.228753 -0.111661
vn -0.4021 -0.8881 0.2229
vn -0.5573 -0.3251 0.7641
vn -0.9433 -0.3251 0.0677
vn -0.5573 0.3251 0.7641
vn -0.4021 0.8881 0.2229
vn -0.9433 0.3251 0.0677
vn -0.2229 -0.8881 -0.4021
vn -0.7641 -0.3251 -0.5573
vn -0.0677 -0.3251 -0.9433
vn -0.2229 0.8881 -0.4021
vn -0.0677 0.3251 -0.9433
vn -0.7641 0.3251 -0.5573
vn 0.2229 -0.8881 0.4021
vn 0.7641 -0.3251 0.5573
vn 0.0677 -0.3251 0.9433
vn 0.2229 0.8881 0.4021
vn 0.0677 0.3251 0.9433
vn 0.7641 0.3251 0.5573
vn 0.4021 -0.8881 -0.2229
vn 0.5573 -0.3251 -0.7641
vn 0.9433 -0.3251 -0.0677
vn 0.4021 0.8881 -0.2229
vn 0.9433 0.3251 -0.0677
vn 0.5573 0.3251 -0.7641
vn -0.3679 -0.9239 -0.1055
vn -0.8881 -0.3827 -0.2547
vn -0.6225 -0.0000 0.7826
vn -0.9936 -0.0000 0.1132
vn -0.3679 0.9239 -0.1055
vn -0.8881 0.3827 -0.2547
vn -0.1132 -0.0000 -0.9936
vn -0.7826 -0.0000 -0.6225
vn 0.1055 -0.9239 -0.3679
vn 0.2547 -0.3827 -0.8881
vn 0.1055 0.9239 -0.3679
vn 0.2547 0.3827 -0.8881
vn 0.9936 -0.0000 -0.1132
vn 0.6225 -0.0000 -0.7826
vn 0.3679 -0.9239 0.1055
vn 0.8881 -0.3827 0.2547
vn 0.3679 0.9239 0.1055
vn 0.8881 0.3827 0.2547
vn 0.1132 -0.0000 0.9936
vn 0.7826 -0.0000 0.6225
vn -0.1055 -0.9239 0.3679
vn -0.2547 -0.3827 0.8881
vn -0.1055 0.9239 0.3679
vn -0.2547 0.3827 0.8881
vn -0.0000 -1.0000 -0.0000
vn -0.9613 -0.0000 -0.2756
vn -0.2756 -0.0000 0.9613
vn -0.0000 1.0000 -0.0000
vn 0.2756 -0.0000 -0.9613
vn 0.9613 -0.0000 0.2756
vt 0.165000 0.713077
vt 0.165000 0.750000
vt 0.141906 0.750000
vt 0.125000 0.713077
vt 0.388333 0.960000
vt 0.388333 1.000000
vt 0.380635 1.000000
vt 0.375000 0.960000
vt 0.388333 0.036923
vt 0.375000 0.036923
vt 0.375000 0.015606
vt 0.388333 0.000000
vt 0.611667 0.960000
vt 0.625000 0.960000
vt 0.625000 0.983094
vt 0.611667 1.000000
vt 0.835000 0.713077
vt 0.875000 0.713077
vt 0.875000 0.734394
vt 0.835000 0.750000
vt 0.611667 0.036923
vt 0.611667 0.000000
vt 0.619365 0.000000
vt 0.625000 0.036923
vt 0.165000 0.536923
vt 0.125000 0.536923
vt 0.125000 0.515606
vt 0.165000 0.500000
vt 0.388333 0.213077
vt 0.388333 0.250000
vt 0.377818 0.258453
vt 0.375000 0.213077
vt 0.388333 0.290000
vt 0.375000 0.290000
vt 0.835000 0.536923
vt 0.835000 0.500000
vt 0.858094 0.500000
vt 0.875000 0.536923
vt 0.611667 0.290000
vt 0.611667 0.250000
vt 0.622182 0.242197
vt 0.625000 0.290000
vt 0.611667 0.213077
vt 0.625000 0.213077
vt 0.335000 0.713077
vt 0.375000 0.713077
vt 0.376878 0.750434
vt 0.355000 0.770000
vt 0.388333 0.713077
vt 0.388333 0.750000
vt 0.388333 0.790000
vt 0.665000 0.713077
vt 0.645000 0.770000
vt 0.628757 0.744798
vt 0.625000 0.713077
vt 0.611667 0.790000
vt 0.611667 0.750000
vt 0.611667 0.713077
vt 0.335000 0.536923
vt 0.355000 0.480000
vt 0.371243 0.505202
vt 0.375000 0.536923
vt 0.388333 0.460000
vt 0.388333 0.500000
vt 0.388333 0.536923
vt 0.665000 0.536923
vt 0.625000 0.536923
vt 0.623122 0.499567
vt 0.645000 0.480000
vt 0.611667 0.536923
vt 0.611667 0.500000
vt 0.611667 0.460000
s 0
f 1773/2337/1629 1776/2338/1629 1777/2339/1629 1779/2340/1629
f 1774/2341/1630 1778/2342/1630 1777/2343/1630 1776/2344/1630
f 1775/2345/1631 1779/2346/1631 1777/2347/1631 1778/2348/1631
f 1780/2349/1632 1783/2350/1632 1784/2351/1632 1786/2352/1632
f 1781/2353/1633 1785/2354/1633 1784/2355/1633 1783/2356/1633
f 1782/2357/1634 1786/2358/1634 1784/2359/1634 1785/2360/1634
f 1787/2361/1635 1790/2362/1635 1791/2363/1635 1793/2364/1635
f 1788/2365/1636 1792/2366/1636 1791/2367/1636 1790/2368/1636
f 1789/2369/1637 1793/2370/1637 1791/2367/1637 1792/2366/1637
f 1794/2371/1638 1797/2372/1638 1798/2373/1638 1800/2374/1638
f 1795/2375/1639 1799/2376/1639 1798/2377/1639 1797/2378/1639
f 1796/2379/1640 1800/2380/1640 1798/2377/1640 1799/2376/1640
f 1801/2381/1641 1804/2382/1641 1805/2383/1641 1807/2384/1641
f 1802/2385/1642 1806/2386/1642 1805/2383/1642 1804/2382/1642
f 1803/2387/1643 1807/2384/1643 1805/2383/1643 1806/2386/1643
f 1808/2388/1644 1811/2389/1644 1812/2390/1644 1814/2391/1644
f 1809/2392/1645 1813/2393/1645 1812/2390/1645 1811/2389/1645
f 1810/2394/1646 1814/2391/1646 1812/2390/1646 1813/2393/1646
f 1815/2395/1647 1818/2396/1647 1819/2397/1647 1821/2398/1647
f 1816/2399/1648 1820/2400/1648 1819/2397/1648 1818/2396/1648
f 1817/2401/1649 1821/2398/1649 1819/2397/1649 1820/2400/1649
f 1822/2402/1650 1825/2403/1650 1826/2404/1650 1828/2405/1650
f 1823/2406/1651 1827/2407/1651 1826/2404/1651 1825/2403/1651
f 1824/2408/1652 1828/2405/1652 1826/2404/1652 1827/2407/1652
f 1787/2361/1653 1773/2337/1653 1779/2340/1653 1790/2362/1653
f 1790/2368/1654 1779/2346/1654 1775/2345/1654 1788/2365/1654
f 1774/2341/1655 1780/2349/1655 1786/2352/1655 1778/2342/1655
f 1778/2348/1656 1786/2358/1656 1782/2357/1656 1775/2345/1656
f 1781/2353/1657 1794/2371/1657 1800/2374/1657 1785/2354/1657
f 1785/2360/1658 1800/2380/1658 1796/2379/1658 1782/2357/1658
f 1795/2375/1659 1789/2369/1659 1792/2366/1659 1799/2376/1659
f 1799/2376/1660 1792/2366/1660 1788/2365/1660 1796/2379/1660
f 1815/2395/1661 1787/2361/1661 1793/2364/1661 1818/2396/1661
f 1818/2396/1662 1793/2370/1662 1789/2369/1662 1816/2399/1662
f 1794/2371/1663 1822/2402/1663 1828/2405/1663 1797/2372/1663
f 1797/2378/1664 1828/2405/1664 1824/2408/1664 1795/2375/1664
f 1823/2406/1665 1817/2401/1665 1820/2400/1665 1827/2407/1665
f 1827/2407/1666 1820/2400/1666 1816/2399/1666 1824/2408/1666
f 1801/2381/1667 1815/2395/1667 1821/2398/1667 1804/2382/1667
f 1804/2382/1668 1821/2398/1668 1817/2401/1668 1802/2385/1668
f 1822/2402/1669 1808/2388/1669 1814/2391/1669 1825/2403/1669
f 1825/2403/1670 1814/2391/1670 1810/2394/1670 1823/2406/1670
f 1809/2392/1671 1803/2387/1671 1806/2386/1671 1813/2393/1671
f 1813/2393/1672 1806/2386/1672 1802/2385/1672 1810/2394/1672
f 1773/2337/1673 1801/2381/1673 1807/2384/1673 1776/2338/1673
f 1776/2344/1674 1807/2384/1674 1803/2387/1674 1774/2341/1674
f 1808/2388/1675 1781/2353/1675 1783/2356/1675 1811/2389/1675
f 1811/2389/1676 1783/2350/1676 1780/2349/1676 1809/2392/1676
f 1787/2361/1677 1815/2395/1677 1801/2381/1677 1773/2337/1677
f 1775/2345/1678 1782/2357/1678 1796/2379/1678 1788/2365/1678
f 1803/2387/1679 1809/2392/1679 1780/2349/1679 1774/2341/1679
f 1822/2402/1680 1794/2371/1680 1781/2353/1680 1808/2388/1680
f 1789/2369/1681 1795/2375/1681 1824/2408/1681 1816/2399/1681
f 1817/2401/1682 1823/2406/1682 1810/2394/1682 1802/2385/1682
o HandGripCap
v 0.649592 0.160000 0.064873
v 0.644300 0.179200 0.083330
v 0.631136 0.179200 0.059581
v 0.645850 0.165624 0.077924
v 0.635881 0.168115 0.072474
v 0.632799 0.179200 0.074182
v 0.636541 0.165624 0.061131
v 0.644300 0.260800 0.083330
v 0.649592 0.280000 0.064873
v 0.631136 0.260800 0.059581
v 0.645850 0.274376 0.077924
v 0.635881 0.271885 0.072474
v 0.636541 0.274376 0.061131
v 0.632799 0.260800 0.074182
v 0.718942 0.160000 -0.176980
v 0.700486 0.179200 -0.182272
v 0.724234 0.179200 -0.195436
v 0.705892 0.165624 -0.180722
v 0.711342 0.168115 -0.190691
v 0.709634 0.179200 -0.193773
v 0.722684 0.165624 -0.190031
v 0.718942 0.280000 -0.176980
v 0.724234 0.260800 -0.195436
v 0.700486 0.260800 -0.182272
v 0.722684 0.274376 -0.190031
v 0.711342 0.271885 -0.190691
v 0.709634 0.260800 -0.193773
v 0.705892 0.274376 -0.180722
v 0.901058 0.160000 0.136980
v 0.919514 0.179200 0.142272
v 0.895766 0.179200 0.155436
v 0.914108 0.165624 0.140722
v 0.908658 0.168115 0.150691
v 0.910366 0.179200 0.153773
v 0.897316 0.165624 0.150031
v 0.901058 0.280000 0.136980
v 0.895766 0.260800 0.155436
v 0.919514 0.260800 0.142272
v 0.897316 0.274376 0.150031
v 0.908658 0.271885 0.150691
v 0.910366 0.260800 0.153773
v 0.914108 0.274376 0.140722
v 0.970408 0.160000 -0.104873
v 0.975700 0.179200 -0.123330
v 0.988864 0.179200 -0.099581
v 0.974150 0.165624 -0.117924
v 0.984119 0.168115 -0.112474
v 0.987201 0.179200 -0.114182
v 0.983459 0.165624 -0.101131
v 0.970408 0.280000 -0.104873
v 0.988864 0.260800 -0.099581
v 0.975700 0.260800 -0.123330
v 0.983459 0.274376 -0.101131
v 0.984119 0.271885 -0.112474
v 0.987201 0.260800 -0.114182
v 0.974150 0.274376 -0.117924
vn -0.4021 -0.8881 0.2229
vn -0.5573 -0.3251 0.7641
vn -0.9433 -0.3251 0.0677
vn -0.5573 0.3251 0.7641
vn -0.4021 0.8881 0.2229
vn -0.9433 0.3251 0.0677
vn -0.2229 -0.8881 -0.4021
vn -0.7641 -0.3251 -0.5573
vn -0.0677 -0.3251 -0.9433
vn -0.2229 0.8881 -0.4021
vn -0.0677 0.3251 -0.9433
vn -0.7641 0.3251 -0.5573
vn 0.2229 -0.8881 0.4021
vn 0.7641 -0.3251 0.5573
vn 0.0677 -0.3251 0.9433
vn 0.2229 0.8881 0.4021
vn 0.0677 0.3251 0.9433
vn 0.7641 0.3251 0.5573
vn 0.4021 -0.8881 -0.2229
vn 0.5573 -0.3251 -0.7641
vn 0.9433 -0.3251 -0.0677
vn 0.4021 0.8881 -0.2229
vn 0.9433 0.3251 -0.0677
vn 0.5573 0.3251 -0.7641
vn -0.3679 -0.9239 -0.1055
vn -0.8881 -0.3827 -0.2547
vn -0.6225 -0.0000 0.7826
vn -0.9936 -0.0000 0.1132
vn -0.3679 0.9239 -0.1055
vn -0.8881 0.3827 -0.2547
vn -0.1132 -0.0000 -0.9936
vn -0.7826 -0.0000 -0.6225
vn 0.1055 -0.9239 -0.3679
vn 0.2547 -0.3827 -0.8881
vn 0.1055 0.9239 -0.3679
vn 0.2547 0.3827 -0.8881
vn 0.9936 -0.0000 -0.1132
vn 0.6225 -0.0000 -0.7826
vn 0.3679 -0.9239 0.1055
vn 0.8881 -0.3827 0.2547
vn 0.3679 0.9239 0.1055
vn 0.8881 0.3827 0.2547
vn 0.1132 -0.0000 0.9936
vn 0.7826 -0.0000 0.6225
vn -0.1055 -0.9239 0.3679
vn -0.2547 -0.3827 0.8881
vn -0.1055 0.9239 0.3679
vn -0.2547 0.3827 0.8881
vn -0.0000 -1.0000 -0.0000
vn -0.9613 -0.0000 -0.2756
vn -0.2756 -0.0000 0.9613
vn -0.0000 1.0000 -0.0000
vn 0.2756 -0.0000 -0.9613
vn 0.9613 -0.0000 0.2756
vt 0.141000 0.733448
vt 0.141000 0.750000
vt 0.131762 0.750000
vt 0.125000 0.733448
vt 0.415000 0.984000
vt 0.415000 1.000000
vt 0.391906 1.000000
vt 0.375000 0.984000
vt 0.415000 0.016552
vt 0.375000 0.016552
vt 0.375000 0.006996
vt 0.415000 0.000000
vt 0.585000 0.984000
vt 0.625000 0.984000
vt 0.625000 0.993238
vt 0.585000 1.000000
vt 0.859000 0.733448
vt 0.875000 0.733448
vt 0.875000 0.743004
vt 0.859000 0.750000
vt 0.585000 0.016552
vt 0.585000 0.000000
vt 0.608094 0.000000
vt 0.625000 0.016552
vt 0.141000 0.516552
vt 0.125000 0.516552
vt 0.125000 0.506996
vt 0.141000 0.500000
vt 0.415000 0.233448
vt 0.415000 0.250000
vt 0.383453 0.253381
vt 0.375000 0.233448
vt 0.415000 0.266000
vt 0.375000 0.266000
vt 0.859000 0.516552
vt 0.859000 0.500000
vt 0.868238 0.500000
vt 0.875000 0.516552
vt 0.585000 0.266000
vt 0.585000 0.250000
vt 0.616547 0.246502
vt 0.625000 0.266000
vt 0.585000 0.233448
vt 0.625000 0.233448
vt 0.359000 0.733448
vt 0.375000 0.733448
vt 0.380635 0.749922
vt 0.367000 0.758000
vt 0.415000 0.733448
vt 0.415000 0.750000
vt 0.415000 0.766000
vt 0.641000 0.733448
vt 0.633000 0.758000
vt 0.621619 0.747668
vt 0.625000 0.733448
vt 0.585000 0.766000
vt 0.585000 0.750000
vt 0.585000 0.733448
vt 0.359000 0.516552
vt 0.367000 0.492000
vt 0.378381 0.502332
vt 0.375000 0.516552
vt 0.415000 0.484000
vt 0.415000 0.500000
vt 0.415000 0.516552
vt 0.641000 0.516552
vt 0.625000 0.516552
vt 0.619365 0.500078
vt 0.633000 0.492000
vt 0.585000 0.516552
vt 0.585000 0.500000
vt 0.585000 0.484000
s 0
f 1829/2409/1683 1832/2410/1683 1833/2411/1683 1835/2412/1683
f 1830/2413/1684 1834/2414/1684 1833/2415/1684 1832/2416/1684
f 1831/2417/1685 1835/2418/1685 1833/2419/1685 1834/2420/1685
f 1836/2421/1686 1839/2422/1686 1840/2423/1686 1842/2424/1686
f 1837/2425/1687 1841/2426/1687 1840/2427/1687 1839/2428/1687
f 1838/2429/1688 1842/2430/1688 1840/2431/1688 1841/2432/1688
f 1843/2433/1689 1846/2434/1689 1847/2435/1689 1849/2436/1689
f 1844/2437/1690 1848/2438/1690 1847/2439/1690 1846/2440/1690
f 1845/2441/1691 1849/2442/1691 1847/2439/1691 1848/2438/1691
f 1850/2443/1692 1853/2444/1692 1854/2445/1692 1856/2446/1692
f 1851/2447/1693 1855/2448/1693 1854/2449/1693 1853/2450/1693
f 1852/2451/1694 1856/2452/1694 1854/2449/1694 1855/2448/1694
f 1857/2453/1695 1860/2454/1695 1861/2455/1695 1863/2456/1695
f 1858/2457/1696 1862/2458/1696 1861/2455/1696 1860/2454/1696
f 1859/2459/1697 1863/2456/1697 1861/2455/1697 1862/2458/1697
f 1864/2460/1698 1867/2461/1698 1868/2462/1698 1870/2463/1698
f 1865/2464/1699 1869/2465/1699 1868/2462/1699 1867/2461/1699
f 1866/2466/1700 1870/2463/1700 1868/2462/1700 1869/2465/1700
f 1871/2467/1701 1874/2468/1701 1875/2469/1701 1877/2470/1701
f 1872/2471/1702 1876/2472/1702 1875/2469/1702 1874/2468/1702
f 1873/2473/1703 1877/2470/1703 1875/2469/1703 1876/2472/1703
f 1878/2474/1704 1881/2475/1704 1882/2476/1704 1884/2477/1704
f 1879/2478/1705 1883/2479/1705 1882/2476/1705 1881/2475/1705
f 1880/2480/1706 1884/2477/1706 1882/2476/1706 1883/2479/1706
f 1843/2433/1707 1829/2409/1707 1835/2412/1707 1846/2434/1707
f 1846/2440/1708 1835/2418/1708 1831/2417/1708 1844/2437/1708
f 1830/2413/1709 1836/2421/1709 1842/2424/1709 1834/2414/1709
f 1834/2420/1710 1842/2430/1710 1838/2429/1710 1831/2417/1710
f 1837/2425/1711 1850/2443/1711 1856/2446/1711 1841/2426/1711
f 1841/2432/1712 1856/2452/1712 1852/2451/1712 1838/2429/1712
f 1851/2447/1713 1845/2441/1713 1848/2438/1713 1855/2448/1713
f 1855/2448/1714 1848/2438/1714 1844/2437/1714 1852/2451/1714
f 1871/2467/1715 1843/2433/1715 1849/2436/1715 1874/2468/1715
f 1874/2468/1716 1849/2442/1716 1845/2441/1716 1872/2471/1716
f 1850/2443/1717 1878/2474/1717 1884/2477/1717 1853/2444/1717
f 1853/2450/1718 1884/2477/1718 1880/2480/1718 1851/2447/1718
f 1879/2478/1719 1873/2473/1719 1876/2472/1719 1883/2479/1719
f 1883/2479/1720 1876/2472/1720 1872/2471/1720 1880/2480/1720
f 1857/2453/1721 1871/2467/1721 1877/2470/1721 1860/2454/1721
f 1860/2454/1722 1877/2470/1722 1873/2473/1722 1858/2457/1722
f 1878/2474/1723 1864/2460/1723 1870/2463/1723 1881/2475/1723
f 1881/2475/1724 1870/2463/1724 1866/2466/1724 1879/2478/1724
f 1865/2464/1725 1859/2459/1725 1862/2458/1725 1869/2465/1725
f 1869/2465/1726 1862/2458/1726 1858/2457/1726 1866/2466/1726
f 1829/2409/1727 1857/2453/1727 1863/2456/1727 1832/2410/1727
f 1832/2416/1728 1863/2456/1728 1859/2459/1728 1830/2413/1728
f 1864/2460/1729 1837/2425/1729 1839/2428/1729 1867/2461/1729
f 1867/2461/1730 1839/2422/1730 1836/2421/1730 1865/2464/1730
f 1843/2433/1731 1871/2467/1731 1857/2453/1731 1829/2409/1731
f 1831/2417/1732 1838/2429/1732 1852/2451/1732 1844/2437/1732
f 1859/2459/1733 1865/2464/1733 1836/2421/1733 1830/2413/1733
f 1878/2474/1734 1850/2443/1734 1837/2425/1734 1864/2460/1734
f 1845/2441/1735 1851/2447/1735 1880/2480/1735 1872/2471/1735
f 1873/2473/1736 1879/2478/1736 1866/2466/1736 1858/2457/1736
o ThirtyDegreeWear_0
v 0.167496 -1.011041 0.155206
v 0.167496 -0.956041 0.155206
v 0.154555 -1.011041 0.106910
v 0.154555 -0.956041 0.106910
v 0.399318 -1.011041 0.093090
v 0.399318 -0.956041 0.093090
v 0.386377 -1.011041 0.044794
v 0.386377 -0.956041 0.044794
vn -0.9659 -0.0000 0.2588
vn -0.2588 -0.0000 -0.9659
vn 0.9659 -0.0000 -0.2588
vn 0.2588 -0.0000 0.9659
vn -0.0000 -1.0000 -0.0000
vn -0.0000 1.0000 -0.0000
vt 0.375000 0.000000
vt 0.625000 0.000000
vt 0.625000 0.250000
vt 0.375000 0.250000
vt 0.625000 0.500000
vt 0.375000 0.500000
vt 0.625000 0.750000
vt 0.375000 0.750000
vt 0.625000 1.000000
vt 0.375000 1.000000
vt 0.125000 0.500000
vt 0.125000 0.750000
vt 0.875000 0.500000
vt 0.875000 0.750000
s 0
f 1885/2481/1737 1886/2482/1737 1888/2483/1737 1887/2484/1737
f 1887/2484/1738 1888/2483/1738 1892/2485/1738 1891/2486/1738
f 1891/2486/1739 1892/2485/1739 1890/2487/1739 1889/2488/1739
f 1889/2488/1740 1890/2487/1740 1886/2489/1740 1885/2490/1740
f 1887/2491/1741 1891/2486/1741 1889/2488/1741 1885/2492/1741
f 1892/2485/1742 1888/2493/1742 1886/2494/1742 1890/2487/1742
o ThirtyDegreeWear_1
v 0.354010 -0.947249 0.173372
v 0.354010 -0.892249 0.173372
v 0.332879 -0.947249 0.128057
v 0.332879 -0.892249 0.128057
v 0.571524 -0.947249 0.071943
v 0.571524 -0.892249 0.071943
v 0.550393 -0.947249 0.026628
v 0.550393 -0.892249 0.026628
vn -0.9063 -0.0000 0.4226
vn -0.4226 -0.0000 -0.9063
vn 0.9063 -0.0000 -0.4226
vn 0.4226 -0.0000 0.9063
vn -0.0000 -1.0000 -0.0000
vn -0.0000 1.0000 -0.0000
vt 0.375000 0.000000
vt 0.625000 0.000000
vt 0.625000 0.250000
vt 0.375000 0.250000
vt 0.625000 0.500000
vt 0.375000 0.500000
vt 0.625000 0.750000
vt 0.375000 0.750000
vt 0.625000 1.000000
vt 0.375000 1.000000
vt 0.125000 0.500000
vt 0.125000 0.750000
vt 0.875000 0.500000
vt 0.875000 0.750000
s 0
f 1893/2495/1743 1894/2496/1743 1896/2497/1743 1895/2498/1743
f 1895/2498/1744 1896/2497/1744 1900/2499/1744 1899/2500/1744
f 1899/2500/1745 1900/2499/1745 1898/2501/1745 1897/2502/1745
f 1897/2502/1746 1898/2501/1746 1894/2503/1746 1893/2504/1746
f 1895/2505/1747 1899/2500/1747 1897/2502/1747 1893/2506/1747
f 1900/2499/1748 1896/2507/1748 1894/2508/1748 1898/2501/1748
o ThirtyDegreeWear_2
v 0.529768 -0.853993 0.189308
v 0.529768 -0.798993 0.189308
v 0.501089 -0.853993 0.148350
v 0.501089 -0.798993 0.148350
v 0.726364 -0.853993 0.051650
v 0.726364 -0.798993 0.051650
v 0.697686 -0.853993 0.010692
v 0.697686 -0.798993 0.010692
vn -0.8192 -0.0000 0.5736
vn -0.5736 -0.0000 -0.8192
vn 0.8192 -0.0000 -0.5736
vn 0.5736 -0.0000 0.8192
vn -0.0000 -1.0000 -0.0000
vn -0.0000 1.0000 -0.0000
vt 0.375000 0.000000
vt 0.625000 0.000000
vt 0.625000 0.250000
vt 0.375000 0.250000
vt 0.625000 0.500000
vt 0.375000 0.500000
vt 0.625000 0.750000
vt 0.375000 0.750000
vt 0.625000 1.000000
vt 0.375000 1.000000
vt 0.125000 0.500000
vt 0.125000 0.750000
vt 0.875000 0.500000
vt 0.875000 0.750000
s 0
f 1901/2509/1749 1902/2510/1749 1904/2511/1749 1903/2512/1749
f 1903/2512/1750 1904/2511/1750 1908/2513/1750 1907/2514/1750
f 1907/2514/1751 1908/2513/1751 1906/2515/1751 1905/2516/1751
f 1905/2516/1752 1906/2515/1752 1902/2517/1752 1901/2518/1752
f 1903/2519/1753 1907/2514/1753 1905/2516/1753 1901/2520/1753
f 1908/2513/1754 1904/2521/1754 1902/2522/1754 1906/2515/1754
